distance,file_name,from_stop,route_link_id,route_section_id,to_stop
185,404-21-404-_-y05-2_1.xml,490002178Z,RL1,RS1,490002177Z
244,404-21-404-_-y05-2_1.xml,490002177Z,RL2,RS1,490002176Z
140,404-21-404-_-y05-2_1.xml,490002176Z,RL3,RS1,490002175Z
142,404-21-404-_-y05-2_1.xml,490002175Z,RL4,RS1,490002174Z
722,404-21-404-_-y05-2_1.xml,490002174Z,RL5,RS1,490002189Z
91,404-21-404-_-y05-2_1.xml,490002189Z,RL6,RS1,490001253B
269,404-21-404-_-y05-2_1.xml,490001253B,RL7,RS1,490005637C
241,404-21-404-_-y05-2_1.xml,490005637C,RL8,RS1,490009202D
224,404-21-404-_-y05-2_1.xml,490009202D,RL9,RS1,490001072M
196,404-21-404-_-y05-2_1.xml,490001072M,RL10,RS1,490006183H
180,404-21-404-_-y05-2_1.xml,490006183H,RL11,RS1,490009684N
197,404-21-404-_-y05-2_1.xml,490009684N,RL12,RS1,490010285E
146,404-21-404-_-y05-2_1.xml,490010285E,RL13,RS1,490011820E
137,404-21-404-_-y05-2_1.xml,490011820E,RL14,RS1,49003176N1
174,404-21-404-_-y05-2_1.xml,49003176N1,RL15,RS1,490004116N
418,404-21-404-_-y05-2_1.xml,490004116N,RL16,RS1,490005639S
272,404-21-404-_-y05-2_1.xml,490005639S,RL17,RS1,490012649W
288,404-21-404-_-y05-2_1.xml,490012649W,RL18,RS1,490005641S
248,404-21-404-_-y05-2_1.xml,490005641S,RL19,RS1,490013199E
406,404-21-404-_-y05-2_1.xml,490013199E,RL20,RS1,490010535S
379,404-21-404-_-y05-2_1.xml,490010535S,RL21,RS1,490013317S2
340,404-21-404-_-y05-2_1.xml,490013317S2,RL22,RS1,490002184Z
192,404-21-404-_-y05-2_1.xml,490002184Z,RL23,RS1,490002180Z
190,404-21-404-_-y05-2_1.xml,490002180Z,RL24,RS1,490002179Z
207,404-21-404-_-y05-2_1.xml,490002179Z,RL25,RS1,490002181Z
221,404-21-404-_-y05-2_1.xml,490002181Z,RL26,RS1,490002182Z
172,404-21-404-_-y05-2_1.xml,490002182Z,RL27,RS1,490002183Z
212,404-21-404-_-y05-2_1.xml,490002183Z,RL28,RS1,490002185Z
282,404-21-404-_-y05-2_1.xml,490002185Z,RL29,RS1,490015542S1
217,404-21-404-_-y05-2_1.xml,490015542S1,RL30,RS1,490005649E
179,404-21-404-_-y05-2_1.xml,490005649E,RL31,RS1,490008679N
238,404-21-404-_-y05-2_1.xml,490008679N,RL32,RS1,490015305W
136,404-21-404-_-y05-2_1.xml,490015305W,RL33,RS1,490007931E
282,404-21-404-_-y05-2_1.xml,490007931E,RL34,RS1,490014106S1
100,404-21-404-_-y05-2_1.xml,490014106S1,RL35,RS1,490004859S
215,404-21-404-_-y05-2_1.xml,490004859S,RL36,RS1,490012093S
219,404-21-404-_-y05-2_1.xml,490012093S,RL37,RS1,490008324S
106,404-21-404-_-y05-2_1.xml,490008324S,RL38,RS1,490014107E
184,404-21-404-_-y05-2_1.xml,490014107E,RL39,RS1,490008895W
543,404-21-404-_-y05-2_1.xml,490008895W,RL40,RS1,490005638S
291,404-21-404-_-y05-2_1.xml,490005638S,RL41,RS1,40004410093B
430,404-21-404-_-y05-2_1.xml,40004410093B,RL42,RS1,40004410091B
325,404-21-404-_-y05-2_1.xml,40004410091B,RL43,RS1,40004410038A
429,404-21-404-_-y05-2_1.xml,40004410038A,RL44,RS1,40004410037A
157,404-21-404-_-y05-2_1.xml,40004410037A,RL45,RS2,40004410088B
238,404-21-404-_-y05-2_1.xml,40004410088B,RL46,RS2,40004410089B
321,404-21-404-_-y05-2_1.xml,40004410089B,RL47,RS2,40004410090A
411,404-21-404-_-y05-2_1.xml,40004410090A,RL48,RS2,40004410091A
363,404-21-404-_-y05-2_1.xml,40004410091A,RL49,RS2,40004410092A
151,404-21-404-_-y05-2_1.xml,40004410092A,RL50,RS2,40004410093A
361,404-21-404-_-y05-2_1.xml,40004410093A,RL51,RS2,490005638N
525,404-21-404-_-y05-2_1.xml,490005638N,RL52,RS2,490008895N
97,404-21-404-_-y05-2_1.xml,490008895N,RL53,RS2,490008495E
136,404-21-404-_-y05-2_1.xml,490008495E,RL54,RS2,490014107N
170,404-21-404-_-y05-2_1.xml,490014107N,RL55,RS2,490008324N
475,404-21-404-_-y05-2_1.xml,490008324N,RL56,RS2,490014106S2
153,404-21-404-_-y05-2_1.xml,490014106S2,RL57,RS2,490007931W
204,404-21-404-_-y05-2_1.xml,490007931W,RL58,RS2,490015305W1
158,404-21-404-_-y05-2_1.xml,490015305W1,RL59,RS2,490008679S
221,404-21-404-_-y05-2_1.xml,490008679S,RL60,RS2,490005649W
461,404-21-404-_-y05-2_1.xml,490005649W,RL61,RS2,490002184Z
192,404-21-404-_-y05-2_1.xml,490002184Z,RL62,RS2,490002180Z
190,404-21-404-_-y05-2_1.xml,490002180Z,RL63,RS2,490002179Z
207,404-21-404-_-y05-2_1.xml,490002179Z,RL64,RS2,490002181Z
221,404-21-404-_-y05-2_1.xml,490002181Z,RL65,RS2,490002182Z
172,404-21-404-_-y05-2_1.xml,490002182Z,RL66,RS2,490002183Z
212,404-21-404-_-y05-2_1.xml,490002183Z,RL67,RS2,490002185Z
380,404-21-404-_-y05-2_1.xml,490002185Z,RL68,RS2,490013317N
323,404-21-404-_-y05-2_1.xml,490013317N,RL69,RS2,490010535N
386,404-21-404-_-y05-2_1.xml,490010535N,RL70,RS2,490013199W
281,404-21-404-_-y05-2_1.xml,490013199W,RL71,RS2,490005641N
320,404-21-404-_-y05-2_1.xml,490005641N,RL72,RS2,490012649E
202,404-21-404-_-y05-2_1.xml,490012649E,RL73,RS2,490005639N
456,404-21-404-_-y05-2_1.xml,490005639N,RL74,RS2,490004667S
97,404-21-404-_-y05-2_1.xml,490004667S,RL75,RS2,490004116S
298,404-21-404-_-y05-2_1.xml,490004116S,RL76,RS2,490011820W
185,404-21-404-_-y05-2_1.xml,490011820W,RL77,RS2,490010285W
143,404-21-404-_-y05-2_1.xml,490010285W,RL78,RS2,490009684S
422,404-21-404-_-y05-2_1.xml,490009684S,RL79,RS2,490001072P
636,404-21-404-_-y05-2_1.xml,490001072P,RL80,RS2,490002189Z
91,404-21-404-_-y05-2_1.xml,490002189Z,RL81,RS2,490001253B
269,404-21-404-_-y05-2_1.xml,490001253B,RL82,RS2,490005637C
241,404-21-404-_-y05-2_1.xml,490005637C,RL83,RS2,490009202D
242,404-21-404-_-y05-2_1.xml,490009202D,RL84,RS2,490002174Y
232,404-21-404-_-y05-2_1.xml,490002174Y,RL85,RS2,490002175Y
106,404-21-404-_-y05-2_1.xml,490002175Y,RL86,RS2,490002176Y
202,404-21-404-_-y05-2_1.xml,490002176Y,RL87,RS2,490002177Y
151,404-21-404-_-y05-2_1.xml,490002177Y,RL88,RS2,490002178Z
354,tfl_21-404-_-y05-6_qyPH39c.xml,40004410037A,RL_21-404-_-y05-6-I-1-1,RS_21-404-_-y05-6-I-1,40004410088B
231,tfl_21-404-_-y05-6_qyPH39c.xml,40004410088B,RL_21-404-_-y05-6-I-1-2,RS_21-404-_-y05-6-I-1,40004410089B
427,tfl_21-404-_-y05-6_qyPH39c.xml,40004410089B,RL_21-404-_-y05-6-I-1-3,RS_21-404-_-y05-6-I-1,40004410090A
373,tfl_21-404-_-y05-6_qyPH39c.xml,40004410090A,RL_21-404-_-y05-6-I-1-4,RS_21-404-_-y05-6-I-1,40004410091A
315,tfl_21-404-_-y05-6_qyPH39c.xml,40004410091A,RL_21-404-_-y05-6-I-1-5,RS_21-404-_-y05-6-I-1,40004410092A
207,tfl_21-404-_-y05-6_qyPH39c.xml,40004410092A,RL_21-404-_-y05-6-I-1-6,RS_21-404-_-y05-6-I-1,40004410093A
378,tfl_21-404-_-y05-6_qyPH39c.xml,40004410093A,RL_21-404-_-y05-6-I-1-7,RS_21-404-_-y05-6-I-1,490005638N
581,tfl_21-404-_-y05-6_qyPH39c.xml,490005638N,RL_21-404-_-y05-6-I-1-8,RS_21-404-_-y05-6-I-1,490008895N
117,tfl_21-404-_-y05-6_qyPH39c.xml,490008895N,RL_21-404-_-y05-6-I-1-9,RS_21-404-_-y05-6-I-1,490008495E
251,tfl_21-404-_-y05-6_qyPH39c.xml,490008495E,RL_21-404-_-y05-6-I-1-10,RS_21-404-_-y05-6-I-1,490014107N
198,tfl_21-404-_-y05-6_qyPH39c.xml,490014107N,RL_21-404-_-y05-6-I-1-11,RS_21-404-_-y05-6-I-1,490008324N
606,tfl_21-404-_-y05-6_qyPH39c.xml,490008324N,RL_21-404-_-y05-6-I-1-12,RS_21-404-_-y05-6-I-1,490004859S
190,tfl_21-404-_-y05-6_qyPH39c.xml,490004859S,RL_21-404-_-y05-6-I-1-13,RS_21-404-_-y05-6-I-1,490014106S2
156,tfl_21-404-_-y05-6_qyPH39c.xml,490014106S2,RL_21-404-_-y05-6-I-1-14,RS_21-404-_-y05-6-I-1,490007931W
264,tfl_21-404-_-y05-6_qyPH39c.xml,490007931W,RL_21-404-_-y05-6-I-1-15,RS_21-404-_-y05-6-I-1,490015305W1
164,tfl_21-404-_-y05-6_qyPH39c.xml,490015305W1,RL_21-404-_-y05-6-I-1-16,RS_21-404-_-y05-6-I-1,490008679S
235,tfl_21-404-_-y05-6_qyPH39c.xml,490008679S,RL_21-404-_-y05-6-I-1-17,RS_21-404-_-y05-6-I-1,490005649W
687,tfl_21-404-_-y05-6_qyPH39c.xml,490005649W,RL_21-404-_-y05-6-I-1-18,RS_21-404-_-y05-6-I-1,490002184Z
241,tfl_21-404-_-y05-6_qyPH39c.xml,490002184Z,RL_21-404-_-y05-6-I-1-19,RS_21-404-_-y05-6-I-1,490002180Z
240,tfl_21-404-_-y05-6_qyPH39c.xml,490002180Z,RL_21-404-_-y05-6-I-1-20,RS_21-404-_-y05-6-I-1,490002179Z
215,tfl_21-404-_-y05-6_qyPH39c.xml,490002179Z,RL_21-404-_-y05-6-I-1-21,RS_21-404-_-y05-6-I-1,490002181Z
288,tfl_21-404-_-y05-6_qyPH39c.xml,490002181Z,RL_21-404-_-y05-6-I-1-22,RS_21-404-_-y05-6-I-1,490002182Z
224,tfl_21-404-_-y05-6_qyPH39c.xml,490002182Z,RL_21-404-_-y05-6-I-1-23,RS_21-404-_-y05-6-I-1,490002183Z
285,tfl_21-404-_-y05-6_qyPH39c.xml,490002183Z,RL_21-404-_-y05-6-I-1-24,RS_21-404-_-y05-6-I-1,490002185Z
610,tfl_21-404-_-y05-6_qyPH39c.xml,490002185Z,RL_21-404-_-y05-6-I-1-25,RS_21-404-_-y05-6-I-1,490013317N
356,tfl_21-404-_-y05-6_qyPH39c.xml,490013317N,RL_21-404-_-y05-6-I-1-26,RS_21-404-_-y05-6-I-1,490010535N
393,tfl_21-404-_-y05-6_qyPH39c.xml,490010535N,RL_21-404-_-y05-6-I-1-27,RS_21-404-_-y05-6-I-1,490013199W
302,tfl_21-404-_-y05-6_qyPH39c.xml,490013199W,RL_21-404-_-y05-6-I-1-28,RS_21-404-_-y05-6-I-1,490005641N
348,tfl_21-404-_-y05-6_qyPH39c.xml,490005641N,RL_21-404-_-y05-6-I-1-29,RS_21-404-_-y05-6-I-1,490012649E
271,tfl_21-404-_-y05-6_qyPH39c.xml,490012649E,RL_21-404-_-y05-6-I-1-30,RS_21-404-_-y05-6-I-1,490005639N
621,tfl_21-404-_-y05-6_qyPH39c.xml,490005639N,RL_21-404-_-y05-6-I-1-31,RS_21-404-_-y05-6-I-1,490004667S
30,tfl_21-404-_-y05-6_qyPH39c.xml,490004667S,RL_21-404-_-y05-6-I-1-32,RS_21-404-_-y05-6-I-1,490004116S
390,tfl_21-404-_-y05-6_qyPH39c.xml,490004116S,RL_21-404-_-y05-6-I-1-33,RS_21-404-_-y05-6-I-1,490011820W
220,tfl_21-404-_-y05-6_qyPH39c.xml,490011820W,RL_21-404-_-y05-6-I-1-34,RS_21-404-_-y05-6-I-1,490010285W
177,tfl_21-404-_-y05-6_qyPH39c.xml,490010285W,RL_21-404-_-y05-6-I-1-35,RS_21-404-_-y05-6-I-1,490009684S
519,tfl_21-404-_-y05-6_qyPH39c.xml,490009684S,RL_21-404-_-y05-6-I-1-36,RS_21-404-_-y05-6-I-1,490001072P
782,tfl_21-404-_-y05-6_qyPH39c.xml,490001072P,RL_21-404-_-y05-6-I-1-37,RS_21-404-_-y05-6-I-1,490002189Z
205,tfl_21-404-_-y05-6_qyPH39c.xml,490002189Z,RL_21-404-_-y05-6-I-1-38,RS_21-404-_-y05-6-I-1,490001253B
272,tfl_21-404-_-y05-6_qyPH39c.xml,490001253B,RL_21-404-_-y05-6-I-1-39,RS_21-404-_-y05-6-I-1,490005637C
250,tfl_21-404-_-y05-6_qyPH39c.xml,490005637C,RL_21-404-_-y05-6-I-1-40,RS_21-404-_-y05-6-I-1,490009202D
339,tfl_21-404-_-y05-6_qyPH39c.xml,490009202D,RL_21-404-_-y05-6-I-1-41,RS_21-404-_-y05-6-I-1,490002174Y
359,tfl_21-404-_-y05-6_qyPH39c.xml,490002174Y,RL_21-404-_-y05-6-I-1-42,RS_21-404-_-y05-6-I-1,490002175Y
122,tfl_21-404-_-y05-6_qyPH39c.xml,490002175Y,RL_21-404-_-y05-6-I-1-43,RS_21-404-_-y05-6-I-1,490002176Y
206,tfl_21-404-_-y05-6_qyPH39c.xml,490002176Y,RL_21-404-_-y05-6-I-1-44,RS_21-404-_-y05-6-I-1,490002177Y
151,tfl_21-404-_-y05-6_qyPH39c.xml,490002177Y,RL_21-404-_-y05-6-I-1-45,RS_21-404-_-y05-6-I-1,490002178Z
190,tfl_21-404-_-y05-6_qyPH39c.xml,490002178Z,RL_21-404-_-y05-6-O-2-1,RS_21-404-_-y05-6-O-2,490002177Z
258,tfl_21-404-_-y05-6_qyPH39c.xml,490002177Z,RL_21-404-_-y05-6-O-2-2,RS_21-404-_-y05-6-O-2,490002176Z
258,tfl_21-404-_-y05-6_qyPH39c.xml,490002176Z,RL_21-404-_-y05-6-O-2-3,RS_21-404-_-y05-6-O-2,490002175Z
216,tfl_21-404-_-y05-6_qyPH39c.xml,490002175Z,RL_21-404-_-y05-6-O-2-4,RS_21-404-_-y05-6-O-2,490002174Z
1046,tfl_21-404-_-y05-6_qyPH39c.xml,490002174Z,RL_21-404-_-y05-6-O-2-5,RS_21-404-_-y05-6-O-2,490002189Z
205,tfl_21-404-_-y05-6_qyPH39c.xml,490002189Z,RL_21-404-_-y05-6-O-2-6,RS_21-404-_-y05-6-O-2,490001253B
272,tfl_21-404-_-y05-6_qyPH39c.xml,490001253B,RL_21-404-_-y05-6-O-2-7,RS_21-404-_-y05-6-O-2,490005637C
250,tfl_21-404-_-y05-6_qyPH39c.xml,490005637C,RL_21-404-_-y05-6-O-2-8,RS_21-404-_-y05-6-O-2,490009202D
252,tfl_21-404-_-y05-6_qyPH39c.xml,490009202D,RL_21-404-_-y05-6-O-2-9,RS_21-404-_-y05-6-O-2,490001072M
199,tfl_21-404-_-y05-6_qyPH39c.xml,490001072M,RL_21-404-_-y05-6-O-2-10,RS_21-404-_-y05-6-O-2,490006183H
279,tfl_21-404-_-y05-6_qyPH39c.xml,490006183H,RL_21-404-_-y05-6-O-2-11,RS_21-404-_-y05-6-O-2,490009684N
212,tfl_21-404-_-y05-6_qyPH39c.xml,490009684N,RL_21-404-_-y05-6-O-2-12,RS_21-404-_-y05-6-O-2,490010285E
265,tfl_21-404-_-y05-6_qyPH39c.xml,490010285E,RL_21-404-_-y05-6-O-2-13,RS_21-404-_-y05-6-O-2,490011820E
151,tfl_21-404-_-y05-6_qyPH39c.xml,490011820E,RL_21-404-_-y05-6-O-2-14,RS_21-404-_-y05-6-O-2,49003176N1
109,tfl_21-404-_-y05-6_qyPH39c.xml,49003176N1,RL_21-404-_-y05-6-O-2-15,RS_21-404-_-y05-6-O-2,490004116N
674,tfl_21-404-_-y05-6_qyPH39c.xml,490004116N,RL_21-404-_-y05-6-O-2-16,RS_21-404-_-y05-6-O-2,490005639S
305,tfl_21-404-_-y05-6_qyPH39c.xml,490005639S,RL_21-404-_-y05-6-O-2-17,RS_21-404-_-y05-6-O-2,490012649W
338,tfl_21-404-_-y05-6_qyPH39c.xml,490012649W,RL_21-404-_-y05-6-O-2-18,RS_21-404-_-y05-6-O-2,490005641S
321,tfl_21-404-_-y05-6_qyPH39c.xml,490005641S,RL_21-404-_-y05-6-O-2-19,RS_21-404-_-y05-6-O-2,490013199E
415,tfl_21-404-_-y05-6_qyPH39c.xml,490013199E,RL_21-404-_-y05-6-O-2-20,RS_21-404-_-y05-6-O-2,490010535S
401,tfl_21-404-_-y05-6_qyPH39c.xml,490010535S,RL_21-404-_-y05-6-O-2-21,RS_21-404-_-y05-6-O-2,490013317S2
558,tfl_21-404-_-y05-6_qyPH39c.xml,490013317S2,RL_21-404-_-y05-6-O-2-22,RS_21-404-_-y05-6-O-2,490002184Z
241,tfl_21-404-_-y05-6_qyPH39c.xml,490002184Z,RL_21-404-_-y05-6-O-2-23,RS_21-404-_-y05-6-O-2,490002180Z
240,tfl_21-404-_-y05-6_qyPH39c.xml,490002180Z,RL_21-404-_-y05-6-O-2-24,RS_21-404-_-y05-6-O-2,490002179Z
215,tfl_21-404-_-y05-6_qyPH39c.xml,490002179Z,RL_21-404-_-y05-6-O-2-25,RS_21-404-_-y05-6-O-2,490002181Z
288,tfl_21-404-_-y05-6_qyPH39c.xml,490002181Z,RL_21-404-_-y05-6-O-2-26,RS_21-404-_-y05-6-O-2,490002182Z
224,tfl_21-404-_-y05-6_qyPH39c.xml,490002182Z,RL_21-404-_-y05-6-O-2-27,RS_21-404-_-y05-6-O-2,490002183Z
285,tfl_21-404-_-y05-6_qyPH39c.xml,490002183Z,RL_21-404-_-y05-6-O-2-28,RS_21-404-_-y05-6-O-2,490002185Z
474,tfl_21-404-_-y05-6_qyPH39c.xml,490002185Z,RL_21-404-_-y05-6-O-2-29,RS_21-404-_-y05-6-O-2,490015542S1
217,tfl_21-404-_-y05-6_qyPH39c.xml,490015542S1,RL_21-404-_-y05-6-O-2-30,RS_21-404-_-y05-6-O-2,490005649E
206,tfl_21-404-_-y05-6_qyPH39c.xml,490005649E,RL_21-404-_-y05-6-O-2-31,RS_21-404-_-y05-6-O-2,490008679N
237,tfl_21-404-_-y05-6_qyPH39c.xml,490008679N,RL_21-404-_-y05-6-O-2-32,RS_21-404-_-y05-6-O-2,490015305W
147,tfl_21-404-_-y05-6_qyPH39c.xml,490015305W,RL_21-404-_-y05-6-O-2-33,RS_21-404-_-y05-6-O-2,490007931E
283,tfl_21-404-_-y05-6_qyPH39c.xml,490007931E,RL_21-404-_-y05-6-O-2-34,RS_21-404-_-y05-6-O-2,490014106S1
370,tfl_21-404-_-y05-6_qyPH39c.xml,490014106S1,RL_21-404-_-y05-6-O-2-35,RS_21-404-_-y05-6-O-2,490012093S
219,tfl_21-404-_-y05-6_qyPH39c.xml,490012093S,RL_21-404-_-y05-6-O-2-36,RS_21-404-_-y05-6-O-2,490008324S
169,tfl_21-404-_-y05-6_qyPH39c.xml,490008324S,RL_21-404-_-y05-6-O-2-37,RS_21-404-_-y05-6-O-2,490014107E
284,tfl_21-404-_-y05-6_qyPH39c.xml,490014107E,RL_21-404-_-y05-6-O-2-38,RS_21-404-_-y05-6-O-2,490008895W
659,tfl_21-404-_-y05-6_qyPH39c.xml,490008895W,RL_21-404-_-y05-6-O-2-39,RS_21-404-_-y05-6-O-2,490005638S
285,tfl_21-404-_-y05-6_qyPH39c.xml,490005638S,RL_21-404-_-y05-6-O-2-40,RS_21-404-_-y05-6-O-2,40004410093B
454,tfl_21-404-_-y05-6_qyPH39c.xml,40004410093B,RL_21-404-_-y05-6-O-2-41,RS_21-404-_-y05-6-O-2,40004410091B
300,tfl_21-404-_-y05-6_qyPH39c.xml,40004410091B,RL_21-404-_-y05-6-O-2-42,RS_21-404-_-y05-6-O-2,40004410038A
527,tfl_21-404-_-y05-6_qyPH39c.xml,40004410038A,RL_21-404-_-y05-6-O-2-43,RS_21-404-_-y05-6-O-2,40004410037A
354,tfl_21-404-_-y05-7.xml,40004410037A,RL_21-404-_-y05-7-I-1-1,RS_21-404-_-y05-7-I-1,40004410088B
231,tfl_21-404-_-y05-7.xml,40004410088B,RL_21-404-_-y05-7-I-1-2,RS_21-404-_-y05-7-I-1,40004410089B
427,tfl_21-404-_-y05-7.xml,40004410089B,RL_21-404-_-y05-7-I-1-3,RS_21-404-_-y05-7-I-1,40004410090A
373,tfl_21-404-_-y05-7.xml,40004410090A,RL_21-404-_-y05-7-I-1-4,RS_21-404-_-y05-7-I-1,40004410091A
315,tfl_21-404-_-y05-7.xml,40004410091A,RL_21-404-_-y05-7-I-1-5,RS_21-404-_-y05-7-I-1,40004410092A
207,tfl_21-404-_-y05-7.xml,40004410092A,RL_21-404-_-y05-7-I-1-6,RS_21-404-_-y05-7-I-1,40004410093A
378,tfl_21-404-_-y05-7.xml,40004410093A,RL_21-404-_-y05-7-I-1-7,RS_21-404-_-y05-7-I-1,490005638N
581,tfl_21-404-_-y05-7.xml,490005638N,RL_21-404-_-y05-7-I-1-8,RS_21-404-_-y05-7-I-1,490008895N
117,tfl_21-404-_-y05-7.xml,490008895N,RL_21-404-_-y05-7-I-1-9,RS_21-404-_-y05-7-I-1,490008495E
251,tfl_21-404-_-y05-7.xml,490008495E,RL_21-404-_-y05-7-I-1-10,RS_21-404-_-y05-7-I-1,490014107N
198,tfl_21-404-_-y05-7.xml,490014107N,RL_21-404-_-y05-7-I-1-11,RS_21-404-_-y05-7-I-1,490008324N
606,tfl_21-404-_-y05-7.xml,490008324N,RL_21-404-_-y05-7-I-1-12,RS_21-404-_-y05-7-I-1,490004859S
190,tfl_21-404-_-y05-7.xml,490004859S,RL_21-404-_-y05-7-I-1-13,RS_21-404-_-y05-7-I-1,490014106S2
156,tfl_21-404-_-y05-7.xml,490014106S2,RL_21-404-_-y05-7-I-1-14,RS_21-404-_-y05-7-I-1,490007931W
264,tfl_21-404-_-y05-7.xml,490007931W,RL_21-404-_-y05-7-I-1-15,RS_21-404-_-y05-7-I-1,490015305W1
164,tfl_21-404-_-y05-7.xml,490015305W1,RL_21-404-_-y05-7-I-1-16,RS_21-404-_-y05-7-I-1,490008679S
235,tfl_21-404-_-y05-7.xml,490008679S,RL_21-404-_-y05-7-I-1-17,RS_21-404-_-y05-7-I-1,490005649W
687,tfl_21-404-_-y05-7.xml,490005649W,RL_21-404-_-y05-7-I-1-18,RS_21-404-_-y05-7-I-1,490002184Z
241,tfl_21-404-_-y05-7.xml,490002184Z,RL_21-404-_-y05-7-I-1-19,RS_21-404-_-y05-7-I-1,490002180Z
240,tfl_21-404-_-y05-7.xml,490002180Z,RL_21-404-_-y05-7-I-1-20,RS_21-404-_-y05-7-I-1,490002179Z
215,tfl_21-404-_-y05-7.xml,490002179Z,RL_21-404-_-y05-7-I-1-21,RS_21-404-_-y05-7-I-1,490002181Z
288,tfl_21-404-_-y05-7.xml,490002181Z,RL_21-404-_-y05-7-I-1-22,RS_21-404-_-y05-7-I-1,490002182Z
224,tfl_21-404-_-y05-7.xml,490002182Z,RL_21-404-_-y05-7-I-1-23,RS_21-404-_-y05-7-I-1,490002183Z
285,tfl_21-404-_-y05-7.xml,490002183Z,RL_21-404-_-y05-7-I-1-24,RS_21-404-_-y05-7-I-1,490002185Z
610,tfl_21-404-_-y05-7.xml,490002185Z,RL_21-404-_-y05-7-I-1-25,RS_21-404-_-y05-7-I-1,490013317N
356,tfl_21-404-_-y05-7.xml,490013317N,RL_21-404-_-y05-7-I-1-26,RS_21-404-_-y05-7-I-1,490010535N
393,tfl_21-404-_-y05-7.xml,490010535N,RL_21-404-_-y05-7-I-1-27,RS_21-404-_-y05-7-I-1,490013199W
302,tfl_21-404-_-y05-7.xml,490013199W,RL_21-404-_-y05-7-I-1-28,RS_21-404-_-y05-7-I-1,490005641N
348,tfl_21-404-_-y05-7.xml,490005641N,RL_21-404-_-y05-7-I-1-29,RS_21-404-_-y05-7-I-1,490012649E
271,tfl_21-404-_-y05-7.xml,490012649E,RL_21-404-_-y05-7-I-1-30,RS_21-404-_-y05-7-I-1,490005639N
621,tfl_21-404-_-y05-7.xml,490005639N,RL_21-404-_-y05-7-I-1-31,RS_21-404-_-y05-7-I-1,490004667S
30,tfl_21-404-_-y05-7.xml,490004667S,RL_21-404-_-y05-7-I-1-32,RS_21-404-_-y05-7-I-1,490004116S
390,tfl_21-404-_-y05-7.xml,490004116S,RL_21-404-_-y05-7-I-1-33,RS_21-404-_-y05-7-I-1,490011820W
220,tfl_21-404-_-y05-7.xml,490011820W,RL_21-404-_-y05-7-I-1-34,RS_21-404-_-y05-7-I-1,490010285W
177,tfl_21-404-_-y05-7.xml,490010285W,RL_21-404-_-y05-7-I-1-35,RS_21-404-_-y05-7-I-1,490009684S
519,tfl_21-404-_-y05-7.xml,490009684S,RL_21-404-_-y05-7-I-1-36,RS_21-404-_-y05-7-I-1,490001072P
782,tfl_21-404-_-y05-7.xml,490001072P,RL_21-404-_-y05-7-I-1-37,RS_21-404-_-y05-7-I-1,490002189Z
205,tfl_21-404-_-y05-7.xml,490002189Z,RL_21-404-_-y05-7-I-1-38,RS_21-404-_-y05-7-I-1,490001253B
272,tfl_21-404-_-y05-7.xml,490001253B,RL_21-404-_-y05-7-I-1-39,RS_21-404-_-y05-7-I-1,490005637C
250,tfl_21-404-_-y05-7.xml,490005637C,RL_21-404-_-y05-7-I-1-40,RS_21-404-_-y05-7-I-1,490009202D
339,tfl_21-404-_-y05-7.xml,490009202D,RL_21-404-_-y05-7-I-1-41,RS_21-404-_-y05-7-I-1,490002174Y
359,tfl_21-404-_-y05-7.xml,490002174Y,RL_21-404-_-y05-7-I-1-42,RS_21-404-_-y05-7-I-1,490002175Y
122,tfl_21-404-_-y05-7.xml,490002175Y,RL_21-404-_-y05-7-I-1-43,RS_21-404-_-y05-7-I-1,490002176Y
206,tfl_21-404-_-y05-7.xml,490002176Y,RL_21-404-_-y05-7-I-1-44,RS_21-404-_-y05-7-I-1,490002177Y
151,tfl_21-404-_-y05-7.xml,490002177Y,RL_21-404-_-y05-7-I-1-45,RS_21-404-_-y05-7-I-1,490002178Z
190,tfl_21-404-_-y05-7.xml,490002178Z,RL_21-404-_-y05-7-O-2-1,RS_21-404-_-y05-7-O-2,490002177Z
258,tfl_21-404-_-y05-7.xml,490002177Z,RL_21-404-_-y05-7-O-2-2,RS_21-404-_-y05-7-O-2,490002176Z
258,tfl_21-404-_-y05-7.xml,490002176Z,RL_21-404-_-y05-7-O-2-3,RS_21-404-_-y05-7-O-2,490002175Z
216,tfl_21-404-_-y05-7.xml,490002175Z,RL_21-404-_-y05-7-O-2-4,RS_21-404-_-y05-7-O-2,490002174Z
1046,tfl_21-404-_-y05-7.xml,490002174Z,RL_21-404-_-y05-7-O-2-5,RS_21-404-_-y05-7-O-2,490002189Z
205,tfl_21-404-_-y05-7.xml,490002189Z,RL_21-404-_-y05-7-O-2-6,RS_21-404-_-y05-7-O-2,490001253B
272,tfl_21-404-_-y05-7.xml,490001253B,RL_21-404-_-y05-7-O-2-7,RS_21-404-_-y05-7-O-2,490005637C
250,tfl_21-404-_-y05-7.xml,490005637C,RL_21-404-_-y05-7-O-2-8,RS_21-404-_-y05-7-O-2,490009202D
252,tfl_21-404-_-y05-7.xml,490009202D,RL_21-404-_-y05-7-O-2-9,RS_21-404-_-y05-7-O-2,490001072M
199,tfl_21-404-_-y05-7.xml,490001072M,RL_21-404-_-y05-7-O-2-10,RS_21-404-_-y05-7-O-2,490006183H
279,tfl_21-404-_-y05-7.xml,490006183H,RL_21-404-_-y05-7-O-2-11,RS_21-404-_-y05-7-O-2,490009684N
212,tfl_21-404-_-y05-7.xml,490009684N,RL_21-404-_-y05-7-O-2-12,RS_21-404-_-y05-7-O-2,490010285E
265,tfl_21-404-_-y05-7.xml,490010285E,RL_21-404-_-y05-7-O-2-13,RS_21-404-_-y05-7-O-2,490011820E
151,tfl_21-404-_-y05-7.xml,490011820E,RL_21-404-_-y05-7-O-2-14,RS_21-404-_-y05-7-O-2,49003176N1
109,tfl_21-404-_-y05-7.xml,49003176N1,RL_21-404-_-y05-7-O-2-15,RS_21-404-_-y05-7-O-2,490004116N
674,tfl_21-404-_-y05-7.xml,490004116N,RL_21-404-_-y05-7-O-2-16,RS_21-404-_-y05-7-O-2,490005639S
305,tfl_21-404-_-y05-7.xml,490005639S,RL_21-404-_-y05-7-O-2-17,RS_21-404-_-y05-7-O-2,490012649W
338,tfl_21-404-_-y05-7.xml,490012649W,RL_21-404-_-y05-7-O-2-18,RS_21-404-_-y05-7-O-2,490005641S
321,tfl_21-404-_-y05-7.xml,490005641S,RL_21-404-_-y05-7-O-2-19,RS_21-404-_-y05-7-O-2,490013199E
415,tfl_21-404-_-y05-7.xml,490013199E,RL_21-404-_-y05-7-O-2-20,RS_21-404-_-y05-7-O-2,490010535S
401,tfl_21-404-_-y05-7.xml,490010535S,RL_21-404-_-y05-7-O-2-21,RS_21-404-_-y05-7-O-2,490013317S2
558,tfl_21-404-_-y05-7.xml,490013317S2,RL_21-404-_-y05-7-O-2-22,RS_21-404-_-y05-7-O-2,490002184Z
241,tfl_21-404-_-y05-7.xml,490002184Z,RL_21-404-_-y05-7-O-2-23,RS_21-404-_-y05-7-O-2,490002180Z
240,tfl_21-404-_-y05-7.xml,490002180Z,RL_21-404-_-y05-7-O-2-24,RS_21-404-_-y05-7-O-2,490002179Z
215,tfl_21-404-_-y05-7.xml,490002179Z,RL_21-404-_-y05-7-O-2-25,RS_21-404-_-y05-7-O-2,490002181Z
288,tfl_21-404-_-y05-7.xml,490002181Z,RL_21-404-_-y05-7-O-2-26,RS_21-404-_-y05-7-O-2,490002182Z
224,tfl_21-404-_-y05-7.xml,490002182Z,RL_21-404-_-y05-7-O-2-27,RS_21-404-_-y05-7-O-2,490002183Z
285,tfl_21-404-_-y05-7.xml,490002183Z,RL_21-404-_-y05-7-O-2-28,RS_21-404-_-y05-7-O-2,490002185Z
474,tfl_21-404-_-y05-7.xml,490002185Z,RL_21-404-_-y05-7-O-2-29,RS_21-404-_-y05-7-O-2,490015542S1
217,tfl_21-404-_-y05-7.xml,490015542S1,RL_21-404-_-y05-7-O-2-30,RS_21-404-_-y05-7-O-2,490005649E
206,tfl_21-404-_-y05-7.xml,490005649E,RL_21-404-_-y05-7-O-2-31,RS_21-404-_-y05-7-O-2,490008679N
237,tfl_21-404-_-y05-7.xml,490008679N,RL_21-404-_-y05-7-O-2-32,RS_21-404-_-y05-7-O-2,490015305W
147,tfl_21-404-_-y05-7.xml,490015305W,RL_21-404-_-y05-7-O-2-33,RS_21-404-_-y05-7-O-2,490007931E
283,tfl_21-404-_-y05-7.xml,490007931E,RL_21-404-_-y05-7-O-2-34,RS_21-404-_-y05-7-O-2,490014106S1
370,tfl_21-404-_-y05-7.xml,490014106S1,RL_21-404-_-y05-7-O-2-35,RS_21-404-_-y05-7-O-2,490012093S
219,tfl_21-404-_-y05-7.xml,490012093S,RL_21-404-_-y05-7-O-2-36,RS_21-404-_-y05-7-O-2,490008324S
169,tfl_21-404-_-y05-7.xml,490008324S,RL_21-404-_-y05-7-O-2-37,RS_21-404-_-y05-7-O-2,490014107E
284,tfl_21-404-_-y05-7.xml,490014107E,RL_21-404-_-y05-7-O-2-38,RS_21-404-_-y05-7-O-2,490008895W
659,tfl_21-404-_-y05-7.xml,490008895W,RL_21-404-_-y05-7-O-2-39,RS_21-404-_-y05-7-O-2,490005638S
285,tfl_21-404-_-y05-7.xml,490005638S,RL_21-404-_-y05-7-O-2-40,RS_21-404-_-y05-7-O-2,40004410093B
454,tfl_21-404-_-y05-7.xml,40004410093B,RL_21-404-_-y05-7-O-2-41,RS_21-404-_-y05-7-O-2,40004410091B
300,tfl_21-404-_-y05-7.xml,40004410091B,RL_21-404-_-y05-7-O-2-42,RS_21-404-_-y05-7-O-2,40004410038A
527,tfl_21-404-_-y05-7.xml,40004410038A,RL_21-404-_-y05-7-O-2-43,RS_21-404-_-y05-7-O-2,40004410037A
245,tfl_21-407-_-y05-11_HygcEjI.xml,40004410084C,RL_21-407-_-y05-11-I-1-1,RS_21-407-_-y05-11-I-1,40004410108A
348,tfl_21-407-_-y05-11_HygcEjI.xml,40004410108A,RL_21-407-_-y05-11-I-1-2,RS_21-407-_-y05-11-I-1,40004410109A
353,tfl_21-407-_-y05-11_HygcEjI.xml,40004410109A,RL_21-407-_-y05-11-I-1-3,RS_21-407-_-y05-11-I-1,40004410110A
272,tfl_21-407-_-y05-11_HygcEjI.xml,40004410110A,RL_21-407-_-y05-11-I-1-4,RS_21-407-_-y05-11-I-1,40004410111A
401,tfl_21-407-_-y05-11_HygcEjI.xml,40004410111A,RL_21-407-_-y05-11-I-1-5,RS_21-407-_-y05-11-I-1,40004410112A
659,tfl_21-407-_-y05-11_HygcEjI.xml,40004410112A,RL_21-407-_-y05-11-I-1-6,RS_21-407-_-y05-11-I-1,40004410113A
264,tfl_21-407-_-y05-11_HygcEjI.xml,40004410113A,RL_21-407-_-y05-11-I-1-7,RS_21-407-_-y05-11-I-1,40004410114A
295,tfl_21-407-_-y05-11_HygcEjI.xml,40004410114A,RL_21-407-_-y05-11-I-1-8,RS_21-407-_-y05-11-I-1,40004410115A
372,tfl_21-407-_-y05-11_HygcEjI.xml,40004410115A,RL_21-407-_-y05-11-I-1-9,RS_21-407-_-y05-11-I-1,40004410116A
580,tfl_21-407-_-y05-11_HygcEjI.xml,40004410116A,RL_21-407-_-y05-11-I-1-10,RS_21-407-_-y05-11-I-1,40004410118A
241,tfl_21-407-_-y05-11_HygcEjI.xml,40004410118A,RL_21-407-_-y05-11-I-1-11,RS_21-407-_-y05-11-I-1,40004410119A
391,tfl_21-407-_-y05-11_HygcEjI.xml,40004410119A,RL_21-407-_-y05-11-I-1-12,RS_21-407-_-y05-11-I-1,490006064N
396,tfl_21-407-_-y05-11_HygcEjI.xml,490006064N,RL_21-407-_-y05-11-I-1-13,RS_21-407-_-y05-11-I-1,490007129N
583,tfl_21-407-_-y05-11_HygcEjI.xml,490007129N,RL_21-407-_-y05-11-I-1-14,RS_21-407-_-y05-11-I-1,490008633N
259,tfl_21-407-_-y05-11_HygcEjI.xml,490008633N,RL_21-407-_-y05-11-I-1-15,RS_21-407-_-y05-11-I-1,490013437W
548,tfl_21-407-_-y05-11_HygcEjI.xml,490013437W,RL_21-407-_-y05-11-I-1-16,RS_21-407-_-y05-11-I-1,490009074N
303,tfl_21-407-_-y05-11_HygcEjI.xml,490009074N,RL_21-407-_-y05-11-I-1-17,RS_21-407-_-y05-11-I-1,490012726N
312,tfl_21-407-_-y05-11_HygcEjI.xml,490012726N,RL_21-407-_-y05-11-I-1-18,RS_21-407-_-y05-11-I-1,490013020N
309,tfl_21-407-_-y05-11_HygcEjI.xml,490013020N,RL_21-407-_-y05-11-I-1-19,RS_21-407-_-y05-11-I-1,490006975NB
366,tfl_21-407-_-y05-11_HygcEjI.xml,490006975NB,RL_21-407-_-y05-11-I-1-20,RS_21-407-_-y05-11-I-1,490011274P
260,tfl_21-407-_-y05-11_HygcEjI.xml,490011274P,RL_21-407-_-y05-11-I-1-21,RS_21-407-_-y05-11-I-1,490011259D
212,tfl_21-407-_-y05-11_HygcEjI.xml,490011259D,RL_21-407-_-y05-11-I-1-22,RS_21-407-_-y05-11-I-1,490005236N
399,tfl_21-407-_-y05-11_HygcEjI.xml,490005236N,RL_21-407-_-y05-11-I-1-23,RS_21-407-_-y05-11-I-1,490010002N
246,tfl_21-407-_-y05-11_HygcEjI.xml,490010002N,RL_21-407-_-y05-11-I-1-24,RS_21-407-_-y05-11-I-1,490013543N
400,tfl_21-407-_-y05-11_HygcEjI.xml,490013543N,RL_21-407-_-y05-11-I-1-25,RS_21-407-_-y05-11-I-1,490003117A
201,tfl_21-407-_-y05-11_HygcEjI.xml,490003117A,RL_21-407-_-y05-11-I-1-26,RS_21-407-_-y05-11-I-1,490013603N
480,tfl_21-407-_-y05-11_HygcEjI.xml,490013603N,RL_21-407-_-y05-11-I-1-27,RS_21-407-_-y05-11-I-1,490011481N
304,tfl_21-407-_-y05-11_HygcEjI.xml,490011481N,RL_21-407-_-y05-11-I-1-28,RS_21-407-_-y05-11-I-1,490012272N
362,tfl_21-407-_-y05-11_HygcEjI.xml,490012272N,RL_21-407-_-y05-11-I-1-29,RS_21-407-_-y05-11-I-1,490007670N
232,tfl_21-407-_-y05-11_HygcEjI.xml,490007670N,RL_21-407-_-y05-11-I-1-30,RS_21-407-_-y05-11-I-1,490013920N
274,tfl_21-407-_-y05-11_HygcEjI.xml,490013920N,RL_21-407-_-y05-11-I-1-31,RS_21-407-_-y05-11-I-1,490013100G
444,tfl_21-407-_-y05-11_HygcEjI.xml,490013100G,RL_21-407-_-y05-11-I-1-32,RS_21-407-_-y05-11-I-1,490005574V
345,tfl_21-407-_-y05-11_HygcEjI.xml,490005574V,RL_21-407-_-y05-11-I-1-33,RS_21-407-_-y05-11-I-1,490005855C1
306,tfl_21-407-_-y05-11_HygcEjI.xml,490005855C1,RL_21-407-_-y05-11-I-1-34,RS_21-407-_-y05-11-I-1,490005858NX
589,tfl_21-407-_-y05-11_HygcEjI.xml,490005858NX,RL_21-407-_-y05-11-I-1-35,RS_21-407-_-y05-11-I-1,490014614E14
502,tfl_21-407-_-y05-11_HygcEjI.xml,490014614E14,RL_21-407-_-y05-11-I-1-36,RS_21-407-_-y05-11-I-1,490014420X
260,tfl_21-407-_-y05-11_HygcEjI.xml,490014420X,RL_21-407-_-y05-11-I-1-37,RS_21-407-_-y05-11-I-1,490011806W11
377,tfl_21-407-_-y05-11_HygcEjI.xml,490011806W11,RL_21-407-_-y05-11-I-1-38,RS_21-407-_-y05-11-I-1,490002023W13
438,tfl_21-407-_-y05-11_HygcEjI.xml,490002023W13,RL_21-407-_-y05-11-I-1-39,RS_21-407-_-y05-11-I-1,490009410W
303,tfl_21-407-_-y05-11_HygcEjI.xml,490009410W,RL_21-407-_-y05-11-I-1-40,RS_21-407-_-y05-11-I-1,490014111S
269,tfl_21-407-_-y05-11_HygcEjI.xml,490014111S,RL_21-407-_-y05-11-I-1-41,RS_21-407-_-y05-11-I-1,490014043A
365,tfl_21-407-_-y05-11_HygcEjI.xml,490014043A,RL_21-407-_-y05-11-I-1-42,RS_21-407-_-y05-11-I-1,490014110S
422,tfl_21-407-_-y05-11_HygcEjI.xml,490014110S,RL_21-407-_-y05-11-I-1-43,RS_21-407-_-y05-11-I-1,490011275C
428,tfl_21-407-_-y05-11_HygcEjI.xml,490011275C,RL_21-407-_-y05-11-I-1-44,RS_21-407-_-y05-11-I-1,490009010W
367,tfl_21-407-_-y05-11_HygcEjI.xml,490009010W,RL_21-407-_-y05-11-I-1-45,RS_21-407-_-y05-11-I-1,490003769W
796,tfl_21-407-_-y05-11_HygcEjI.xml,490003769W,RL_21-407-_-y05-11-I-1-46,RS_21-407-_-y05-11-I-1,490005289W
192,tfl_21-407-_-y05-11_HygcEjI.xml,490005289W,RL_21-407-_-y05-11-I-1-47,RS_21-407-_-y05-11-I-1,490013422W
291,tfl_21-407-_-y05-11_HygcEjI.xml,490013422W,RL_21-407-_-y05-11-I-1-48,RS_21-407-_-y05-11-I-1,490014136W
330,tfl_21-407-_-y05-11_HygcEjI.xml,490014136W,RL_21-407-_-y05-11-I-1-49,RS_21-407-_-y05-11-I-1,490014137W
533,tfl_21-407-_-y05-11_HygcEjI.xml,490014137W,RL_21-407-_-y05-11-I-1-50,RS_21-407-_-y05-11-I-1,490004821E
524,tfl_21-407-_-y05-11_HygcEjI.xml,490004821E,RL_21-407-_-y05-11-I-1-51,RS_21-407-_-y05-11-I-1,490011153W
585,tfl_21-407-_-y05-11_HygcEjI.xml,490011153W,RL_21-407-_-y05-11-I-1-52,RS_21-407-_-y05-11-I-1,490004708W
279,tfl_21-407-_-y05-11_HygcEjI.xml,490004708W,RL_21-407-_-y05-11-I-1-53,RS_21-407-_-y05-11-I-1,490011585W
629,tfl_21-407-_-y05-11_HygcEjI.xml,490011585W,RL_21-407-_-y05-11-I-1-54,RS_21-407-_-y05-11-I-1,490009180W1
315,tfl_21-407-_-y05-11_HygcEjI.xml,490009180W1,RL_21-407-_-y05-11-I-1-55,RS_21-407-_-y05-11-I-1,490015833S
285,tfl_21-407-_-y05-11_HygcEjI.xml,490015833S,RL_21-407-_-y05-11-I-1-56,RS_21-407-_-y05-11-I-1,490013082R
427,tfl_21-407-_-y05-11_HygcEjI.xml,490013082R,RL_21-407-_-y05-11-I-1-57,RS_21-407-_-y05-11-I-1,490013064V
403,tfl_21-407-_-y05-11_HygcEjI.xml,490013064V,RL_21-407-_-y05-11-I-1-58,RS_21-407-_-y05-11-I-1,490011856W
515,tfl_21-407-_-y05-11_HygcEjI.xml,490011856W,RL_21-407-_-y05-11-I-1-59,RS_21-407-_-y05-11-I-1,490013061D
289,tfl_21-407-_-y05-11_HygcEjI.xml,490013061D,RL_21-407-_-y05-11-O-2-1,RS_21-407-_-y05-11-O-2,490009575I
206,tfl_21-407-_-y05-11_HygcEjI.xml,490009575I,RL_21-407-_-y05-11-O-2-2,RS_21-407-_-y05-11-O-2,490013679J
272,tfl_21-407-_-y05-11_HygcEjI.xml,490013679J,RL_21-407-_-y05-11-O-2-3,RS_21-407-_-y05-11-O-2,490013081K
514,tfl_21-407-_-y05-11_HygcEjI.xml,490013081K,RL_21-407-_-y05-11-O-2-4,RS_21-407-_-y05-11-O-2,490009180E1
580,tfl_21-407-_-y05-11_HygcEjI.xml,490009180E1,RL_21-407-_-y05-11-O-2-5,RS_21-407-_-y05-11-O-2,490011585E
363,tfl_21-407-_-y05-11_HygcEjI.xml,490011585E,RL_21-407-_-y05-11-O-2-6,RS_21-407-_-y05-11-O-2,490004708E
524,tfl_21-407-_-y05-11_HygcEjI.xml,490004708E,RL_21-407-_-y05-11-O-2-7,RS_21-407-_-y05-11-O-2,490011153F
352,tfl_21-407-_-y05-11_HygcEjI.xml,490011153F,RL_21-407-_-y05-11-O-2-8,RS_21-407-_-y05-11-O-2,490004821D
578,tfl_21-407-_-y05-11_HygcEjI.xml,490004821D,RL_21-407-_-y05-11-O-2-9,RS_21-407-_-y05-11-O-2,490014137E
504,tfl_21-407-_-y05-11_HygcEjI.xml,490014137E,RL_21-407-_-y05-11-O-2-10,RS_21-407-_-y05-11-O-2,490013422E
439,tfl_21-407-_-y05-11_HygcEjI.xml,490013422E,RL_21-407-_-y05-11-O-2-11,RS_21-407-_-y05-11-O-2,490005289E
380,tfl_21-407-_-y05-11_HygcEjI.xml,490005289E,RL_21-407-_-y05-11-O-2-12,RS_21-407-_-y05-11-O-2,490008217E
271,tfl_21-407-_-y05-11_HygcEjI.xml,490008217E,RL_21-407-_-y05-11-O-2-13,RS_21-407-_-y05-11-O-2,490003769E
429,tfl_21-407-_-y05-11_HygcEjI.xml,490003769E,RL_21-407-_-y05-11-O-2-14,RS_21-407-_-y05-11-O-2,490009010E
378,tfl_21-407-_-y05-11_HygcEjI.xml,490009010E,RL_21-407-_-y05-11-O-2-15,RS_21-407-_-y05-11-O-2,490011275D
215,tfl_21-407-_-y05-11_HygcEjI.xml,490011275D,RL_21-407-_-y05-11-O-2-16,RS_21-407-_-y05-11-O-2,490003281N
423,tfl_21-407-_-y05-11_HygcEjI.xml,490003281N,RL_21-407-_-y05-11-O-2-17,RS_21-407-_-y05-11-O-2,490014110B
236,tfl_21-407-_-y05-11_HygcEjI.xml,490014110B,RL_21-407-_-y05-11-O-2-18,RS_21-407-_-y05-11-O-2,490014043B
258,tfl_21-407-_-y05-11_HygcEjI.xml,490014043B,RL_21-407-_-y05-11-O-2-19,RS_21-407-_-y05-11-O-2,490014111N
435,tfl_21-407-_-y05-11_HygcEjI.xml,490014111N,RL_21-407-_-y05-11-O-2-20,RS_21-407-_-y05-11-O-2,490011504W15
184,tfl_21-407-_-y05-11_HygcEjI.xml,490011504W15,RL_21-407-_-y05-11-O-2-21,RS_21-407-_-y05-11-O-2,490002042C0
89,tfl_21-407-_-y05-11_HygcEjI.xml,490002042C0,RL_21-407-_-y05-11-O-2-22,RS_21-407-_-y05-11-O-2,490011806W16
352,tfl_21-407-_-y05-11_HygcEjI.xml,490011806W16,RL_21-407-_-y05-11-O-2-23,RS_21-407-_-y05-11-O-2,490014420W
454,tfl_21-407-_-y05-11_HygcEjI.xml,490014420W,RL_21-407-_-y05-11-O-2-24,RS_21-407-_-y05-11-O-2,490014614E10
559,tfl_21-407-_-y05-11_HygcEjI.xml,490014614E10,RL_21-407-_-y05-11-O-2-25,RS_21-407-_-y05-11-O-2,490010839C3
435,tfl_21-407-_-y05-11_HygcEjI.xml,490010839C3,RL_21-407-_-y05-11-O-2-26,RS_21-407-_-y05-11-O-2,490005855C15
331,tfl_21-407-_-y05-11_HygcEjI.xml,490005855C15,RL_21-407-_-y05-11-O-2-27,RS_21-407-_-y05-11-O-2,490005574S
269,tfl_21-407-_-y05-11_HygcEjI.xml,490005574S,RL_21-407-_-y05-11-O-2-28,RS_21-407-_-y05-11-O-2,490013269S
312,tfl_21-407-_-y05-11_HygcEjI.xml,490013269S,RL_21-407-_-y05-11-O-2-29,RS_21-407-_-y05-11-O-2,490013100J
332,tfl_21-407-_-y05-11_HygcEjI.xml,490013100J,RL_21-407-_-y05-11-O-2-30,RS_21-407-_-y05-11-O-2,490013920S
349,tfl_21-407-_-y05-11_HygcEjI.xml,490013920S,RL_21-407-_-y05-11-O-2-31,RS_21-407-_-y05-11-O-2,490007670S
342,tfl_21-407-_-y05-11_HygcEjI.xml,490007670S,RL_21-407-_-y05-11-O-2-32,RS_21-407-_-y05-11-O-2,490015442S
219,tfl_21-407-_-y05-11_HygcEjI.xml,490015442S,RL_21-407-_-y05-11-O-2-33,RS_21-407-_-y05-11-O-2,490011481S
259,tfl_21-407-_-y05-11_HygcEjI.xml,490011481S,RL_21-407-_-y05-11-O-2-34,RS_21-407-_-y05-11-O-2,490013603C
438,tfl_21-407-_-y05-11_HygcEjI.xml,490013603C,RL_21-407-_-y05-11-O-2-35,RS_21-407-_-y05-11-O-2,490003117B
495,tfl_21-407-_-y05-11_HygcEjI.xml,490003117B,RL_21-407-_-y05-11-O-2-36,RS_21-407-_-y05-11-O-2,490013543S
243,tfl_21-407-_-y05-11_HygcEjI.xml,490013543S,RL_21-407-_-y05-11-O-2-37,RS_21-407-_-y05-11-O-2,490010002S
472,tfl_21-407-_-y05-11_HygcEjI.xml,490010002S,RL_21-407-_-y05-11-O-2-38,RS_21-407-_-y05-11-O-2,490011259G
219,tfl_21-407-_-y05-11_HygcEjI.xml,490011259G,RL_21-407-_-y05-11-O-2-39,RS_21-407-_-y05-11-O-2,490011270M
308,tfl_21-407-_-y05-11_HygcEjI.xml,490011270M,RL_21-407-_-y05-11-O-2-40,RS_21-407-_-y05-11-O-2,490006975N
252,tfl_21-407-_-y05-11_HygcEjI.xml,490006975N,RL_21-407-_-y05-11-O-2-41,RS_21-407-_-y05-11-O-2,490013020S
520,tfl_21-407-_-y05-11_HygcEjI.xml,490013020S,RL_21-407-_-y05-11-O-2-42,RS_21-407-_-y05-11-O-2,490012726S
206,tfl_21-407-_-y05-11_HygcEjI.xml,490012726S,RL_21-407-_-y05-11-O-2-43,RS_21-407-_-y05-11-O-2,490009074S
451,tfl_21-407-_-y05-11_HygcEjI.xml,490009074S,RL_21-407-_-y05-11-O-2-44,RS_21-407-_-y05-11-O-2,490013437S
341,tfl_21-407-_-y05-11_HygcEjI.xml,490013437S,RL_21-407-_-y05-11-O-2-45,RS_21-407-_-y05-11-O-2,490008633E
552,tfl_21-407-_-y05-11_HygcEjI.xml,490008633E,RL_21-407-_-y05-11-O-2-46,RS_21-407-_-y05-11-O-2,490007129S
338,tfl_21-407-_-y05-11_HygcEjI.xml,490007129S,RL_21-407-_-y05-11-O-2-47,RS_21-407-_-y05-11-O-2,490006064S
422,tfl_21-407-_-y05-11_HygcEjI.xml,490006064S,RL_21-407-_-y05-11-O-2-48,RS_21-407-_-y05-11-O-2,40004410119B
444,tfl_21-407-_-y05-11_HygcEjI.xml,40004410119B,RL_21-407-_-y05-11-O-2-49,RS_21-407-_-y05-11-O-2,40004410118B
392,tfl_21-407-_-y05-11_HygcEjI.xml,40004410118B,RL_21-407-_-y05-11-O-2-50,RS_21-407-_-y05-11-O-2,40004410116B
454,tfl_21-407-_-y05-11_HygcEjI.xml,40004410116B,RL_21-407-_-y05-11-O-2-51,RS_21-407-_-y05-11-O-2,40004410115B
199,tfl_21-407-_-y05-11_HygcEjI.xml,40004410115B,RL_21-407-_-y05-11-O-2-52,RS_21-407-_-y05-11-O-2,40004410114B
461,tfl_21-407-_-y05-11_HygcEjI.xml,40004410114B,RL_21-407-_-y05-11-O-2-53,RS_21-407-_-y05-11-O-2,40004410106C
679,tfl_21-407-_-y05-11_HygcEjI.xml,40004410106C,RL_21-407-_-y05-11-O-2-54,RS_21-407-_-y05-11-O-2,40004410112B
265,tfl_21-407-_-y05-11_HygcEjI.xml,40004410112B,RL_21-407-_-y05-11-O-2-55,RS_21-407-_-y05-11-O-2,40004410111B
393,tfl_21-407-_-y05-11_HygcEjI.xml,40004410111B,RL_21-407-_-y05-11-O-2-56,RS_21-407-_-y05-11-O-2,40004410110B
353,tfl_21-407-_-y05-11_HygcEjI.xml,40004410110B,RL_21-407-_-y05-11-O-2-57,RS_21-407-_-y05-11-O-2,40004410109B
326,tfl_21-407-_-y05-11_HygcEjI.xml,40004410109B,RL_21-407-_-y05-11-O-2-58,RS_21-407-_-y05-11-O-2,40004410108B
321,tfl_21-407-_-y05-11_HygcEjI.xml,40004410108B,RL_21-407-_-y05-11-O-2-59,RS_21-407-_-y05-11-O-2,40004410084C
374,tfl_21-464-_-y05-55535.xml,490010848S,RL_21-464-_-y05-55535-I-1-1,RS_21-464-_-y05-55535-I-1,490004928Z
189,tfl_21-464-_-y05-55535.xml,490004928Z,RL_21-464-_-y05-55535-I-1-2,RS_21-464-_-y05-55535-I-1,490012660E
226,tfl_21-464-_-y05-55535.xml,490012660E,RL_21-464-_-y05-55535-I-1-3,RS_21-464-_-y05-55535-I-1,490009926E
293,tfl_21-464-_-y05-55535.xml,490009926E,RL_21-464-_-y05-55535-I-1-4,RS_21-464-_-y05-55535-I-1,490004680E
235,tfl_21-464-_-y05-55535.xml,490004680E,RL_21-464-_-y05-55535-I-1-5,RS_21-464-_-y05-55535-I-1,490000388Z
222,tfl_21-464-_-y05-55535.xml,490000388Z,RL_21-464-_-y05-55535-I-1-6,RS_21-464-_-y05-55535-I-1,490003093S
98,tfl_21-464-_-y05-55535.xml,490003093S,RL_21-464-_-y05-55535-I-1-7,RS_21-464-_-y05-55535-I-1,490006699S
2278,tfl_21-464-_-y05-55535.xml,490006699S,RL_21-464-_-y05-55535-I-1-8,RS_21-464-_-y05-55535-I-1,490011874S
462,tfl_21-464-_-y05-55535.xml,490011874S,RL_21-464-_-y05-55535-I-1-9,RS_21-464-_-y05-55535-I-1,490013017S
752,tfl_21-464-_-y05-55535.xml,490013017S,RL_21-464-_-y05-55535-I-1-10,RS_21-464-_-y05-55535-I-1,490008533S
555,tfl_21-464-_-y05-55535.xml,490008533S,RL_21-464-_-y05-55535-I-2-11,RS_21-464-_-y05-55535-I-2,490003994S
665,tfl_21-464-_-y05-55535.xml,490003994S,RL_21-464-_-y05-55535-I-2-12,RS_21-464-_-y05-55535-I-2,490012824S
355,tfl_21-464-_-y05-55535.xml,490012824S,RL_21-464-_-y05-55535-I-2-13,RS_21-464-_-y05-55535-I-2,490011693S
186,tfl_21-464-_-y05-55535.xml,490011693S,RL_21-464-_-y05-55535-I-2-14,RS_21-464-_-y05-55535-I-2,490013114E
1096,tfl_21-464-_-y05-55535.xml,490013114E,RL_21-464-_-y05-55535-I-2-15,RS_21-464-_-y05-55535-I-2,40004410805F
462,tfl_21-464-_-y05-55535.xml,40004410805F,RL_21-464-_-y05-55535-I-2-16,RS_21-464-_-y05-55535-I-2,40004410134A
399,tfl_21-464-_-y05-55535.xml,40004410134A,RL_21-464-_-y05-55535-I-2-17,RS_21-464-_-y05-55535-I-2,40004410805G
575,tfl_21-464-_-y05-55535.xml,40004410805G,RL_21-464-_-y05-55535-I-2-18,RS_21-464-_-y05-55535-I-2,40004410805H
492,tfl_21-464-_-y05-55535.xml,40004410805H,RL_21-464-_-y05-55535-I-2-19,RS_21-464-_-y05-55535-I-2,40004410135A
793,tfl_21-464-_-y05-55535.xml,490008533N,RL_21-464-_-y05-55535-O-3-12,RS_21-464-_-y05-55535-O-3,490013017N
452,tfl_21-464-_-y05-55535.xml,490013017N,RL_21-464-_-y05-55535-O-3-13,RS_21-464-_-y05-55535-O-3,490011874N
2240,tfl_21-464-_-y05-55535.xml,490011874N,RL_21-464-_-y05-55535-O-3-14,RS_21-464-_-y05-55535-O-3,490006699N
166,tfl_21-464-_-y05-55535.xml,490006699N,RL_21-464-_-y05-55535-O-3-15,RS_21-464-_-y05-55535-O-3,490003093N
235,tfl_21-464-_-y05-55535.xml,490003093N,RL_21-464-_-y05-55535-O-3-16,RS_21-464-_-y05-55535-O-3,490000388Y
199,tfl_21-464-_-y05-55535.xml,490000388Y,RL_21-464-_-y05-55535-O-3-17,RS_21-464-_-y05-55535-O-3,490004680W
261,tfl_21-464-_-y05-55535.xml,490004680W,RL_21-464-_-y05-55535-O-3-18,RS_21-464-_-y05-55535-O-3,490009926W
412,tfl_21-464-_-y05-55535.xml,490009926W,RL_21-464-_-y05-55535-O-3-19,RS_21-464-_-y05-55535-O-3,490004928N
431,tfl_21-464-_-y05-55535.xml,490004928N,RL_21-464-_-y05-55535-O-3-20,RS_21-464-_-y05-55535-O-3,490010848N
395,tfl_21-464-_-y05-55535.xml,40004410135A,RL_21-464-_-y05-55535-O-4-1,RS_21-464-_-y05-55535-O-4,40004410805A
582,tfl_21-464-_-y05-55535.xml,40004410805A,RL_21-464-_-y05-55535-O-4-2,RS_21-464-_-y05-55535-O-4,40004410805B
386,tfl_21-464-_-y05-55535.xml,40004410805B,RL_21-464-_-y05-55535-O-4-3,RS_21-464-_-y05-55535-O-4,40004410805C
246,tfl_21-464-_-y05-55535.xml,40004410805C,RL_21-464-_-y05-55535-O-4-4,RS_21-464-_-y05-55535-O-4,40004410805D
1207,tfl_21-464-_-y05-55535.xml,40004410805D,RL_21-464-_-y05-55535-O-4-5,RS_21-464-_-y05-55535-O-4,490005009W
210,tfl_21-464-_-y05-55535.xml,490005009W,RL_21-464-_-y05-55535-O-4-6,RS_21-464-_-y05-55535-O-4,490013114W
176,tfl_21-464-_-y05-55535.xml,490013114W,RL_21-464-_-y05-55535-O-4-7,RS_21-464-_-y05-55535-O-4,490011693N3
278,tfl_21-464-_-y05-55535.xml,490011693N3,RL_21-464-_-y05-55535-O-4-8,RS_21-464-_-y05-55535-O-4,490012824N
614,tfl_21-464-_-y05-55535.xml,490012824N,RL_21-464-_-y05-55535-O-4-9,RS_21-464-_-y05-55535-O-4,490003994E
224,tfl_21-464-_-y05-55535.xml,490003994E,RL_21-464-_-y05-55535-O-4-10,RS_21-464-_-y05-55535-O-4,490009625N
400,tfl_21-464-_-y05-55535.xml,490009625N,RL_21-464-_-y05-55535-O-4-11,RS_21-464-_-y05-55535-O-4,490008533N
374,tfl_21-464-_-y05-55538.xml,490010848S,RL_21-464-_-y05-55538-I-1-1,RS_21-464-_-y05-55538-I-1,490004928Z
189,tfl_21-464-_-y05-55538.xml,490004928Z,RL_21-464-_-y05-55538-I-1-2,RS_21-464-_-y05-55538-I-1,490012660E
226,tfl_21-464-_-y05-55538.xml,490012660E,RL_21-464-_-y05-55538-I-1-3,RS_21-464-_-y05-55538-I-1,490009926E
293,tfl_21-464-_-y05-55538.xml,490009926E,RL_21-464-_-y05-55538-I-1-4,RS_21-464-_-y05-55538-I-1,490004680E
399,tfl_21-464-_-y05-55538.xml,490004680E,RL_21-464-_-y05-55538-I-1-5,RS_21-464-_-y05-55538-I-1,490011493N
207,tfl_21-464-_-y05-55538.xml,490011493N,RL_21-464-_-y05-55538-I-1-6,RS_21-464-_-y05-55538-I-1,490015467N
1185,tfl_21-464-_-y05-55538.xml,490015467N,RL_21-464-_-y05-55538-I-1-7,RS_21-464-_-y05-55538-I-1,490003945W
347,tfl_21-464-_-y05-55538.xml,490003945W,RL_21-464-_-y05-55538-I-1-8,RS_21-464-_-y05-55538-I-1,490013322N
448,tfl_21-464-_-y05-55538.xml,490013322N,RL_21-464-_-y05-55538-I-1-9,RS_21-464-_-y05-55538-I-1,490002038A
2063,tfl_21-464-_-y05-55538.xml,490002038A,RL_21-464-_-y05-55538-I-1-10,RS_21-464-_-y05-55538-I-1,490003095E
1171,tfl_21-464-_-y05-55538.xml,490003095E,RL_21-464-_-y05-55538-I-1-11,RS_21-464-_-y05-55538-I-1,490009032E
206,tfl_21-464-_-y05-55538.xml,490009032E,RL_21-464-_-y05-55538-I-1-12,RS_21-464-_-y05-55538-I-1,490003099N
232,tfl_21-464-_-y05-55538.xml,490003099N,RL_21-464-_-y05-55538-I-1-13,RS_21-464-_-y05-55538-I-1,490003097E
196,tfl_21-464-_-y05-55538.xml,490003097E,RL_21-464-_-y05-55538-I-1-14,RS_21-464-_-y05-55538-I-1,490005544E
898,tfl_21-464-_-y05-55538.xml,490005544E,RL_21-464-_-y05-55538-I-1-15,RS_21-464-_-y05-55538-I-1,490007871E
1281,tfl_21-464-_-y05-55538.xml,490007871E,RL_21-464-_-y05-55538-I-1-16,RS_21-464-_-y05-55538-I-1,490008678S
312,tfl_21-464-_-y05-55538.xml,490008678S,RL_21-464-_-y05-55538-I-1-17,RS_21-464-_-y05-55538-I-1,490015686S
290,tfl_21-464-_-y05-55538.xml,490015686S,RL_21-464-_-y05-55538-I-1-18,RS_21-464-_-y05-55538-I-1,490008684N1
180,tfl_21-464-_-y05-55538.xml,490008684N1,RL_21-464-_-y05-55538-I-1-19,RS_21-464-_-y05-55538-I-1,490008000S2
1171,tfl_21-464-_-y05-55538.xml,490008000S2,RL_21-464-_-y05-55538-I-1-20,RS_21-464-_-y05-55538-I-1,490006165S
390,tfl_21-464-_-y05-55538.xml,490006165S,RL_21-464-_-y05-55538-I-1-21,RS_21-464-_-y05-55538-I-1,490004073S
494,tfl_21-464-_-y05-55538.xml,490004073S,RL_21-464-_-y05-55538-I-1-22,RS_21-464-_-y05-55538-I-1,490009051S
376,tfl_21-464-_-y05-55538.xml,490009051S,RL_21-464-_-y05-55538-I-1-23,RS_21-464-_-y05-55538-I-1,490009878S
489,tfl_21-464-_-y05-55538.xml,490009878S,RL_21-464-_-y05-55538-I-1-24,RS_21-464-_-y05-55538-I-1,490003993S
446,tfl_21-464-_-y05-55538.xml,490003993S,RL_21-464-_-y05-55538-I-1-25,RS_21-464-_-y05-55538-I-1,490007746S
186,tfl_21-464-_-y05-55538.xml,490007746S,RL_21-464-_-y05-55538-I-1-26,RS_21-464-_-y05-55538-I-1,490002120Z
317,tfl_21-464-_-y05-55538.xml,490002120Z,RL_21-464-_-y05-55538-I-1-27,RS_21-464-_-y05-55538-I-1,490011874S
462,tfl_21-464-_-y05-55538.xml,490011874S,RL_21-464-_-y05-55538-I-1-28,RS_21-464-_-y05-55538-I-1,490013017S
752,tfl_21-464-_-y05-55538.xml,490013017S,RL_21-464-_-y05-55538-I-1-29,RS_21-464-_-y05-55538-I-1,490008533S
555,tfl_21-464-_-y05-55538.xml,490008533S,RL_21-464-_-y05-55538-I-2-30,RS_21-464-_-y05-55538-I-2,490003994S
665,tfl_21-464-_-y05-55538.xml,490003994S,RL_21-464-_-y05-55538-I-2-31,RS_21-464-_-y05-55538-I-2,490012824S
355,tfl_21-464-_-y05-55538.xml,490012824S,RL_21-464-_-y05-55538-I-2-32,RS_21-464-_-y05-55538-I-2,490011693S
186,tfl_21-464-_-y05-55538.xml,490011693S,RL_21-464-_-y05-55538-I-2-33,RS_21-464-_-y05-55538-I-2,490013114E
1096,tfl_21-464-_-y05-55538.xml,490013114E,RL_21-464-_-y05-55538-I-2-34,RS_21-464-_-y05-55538-I-2,40004410805F
462,tfl_21-464-_-y05-55538.xml,40004410805F,RL_21-464-_-y05-55538-I-2-35,RS_21-464-_-y05-55538-I-2,40004410134A
399,tfl_21-464-_-y05-55538.xml,40004410134A,RL_21-464-_-y05-55538-I-2-36,RS_21-464-_-y05-55538-I-2,40004410805G
575,tfl_21-464-_-y05-55538.xml,40004410805G,RL_21-464-_-y05-55538-I-2-37,RS_21-464-_-y05-55538-I-2,40004410805H
492,tfl_21-464-_-y05-55538.xml,40004410805H,RL_21-464-_-y05-55538-I-2-38,RS_21-464-_-y05-55538-I-2,40004410135A
395,tfl_21-464-_-y05-55538.xml,40004410135A,RL_21-464-_-y05-55538-O-3-1,RS_21-464-_-y05-55538-O-3,40004410805A
582,tfl_21-464-_-y05-55538.xml,40004410805A,RL_21-464-_-y05-55538-O-3-2,RS_21-464-_-y05-55538-O-3,40004410805B
386,tfl_21-464-_-y05-55538.xml,40004410805B,RL_21-464-_-y05-55538-O-3-3,RS_21-464-_-y05-55538-O-3,40004410805C
246,tfl_21-464-_-y05-55538.xml,40004410805C,RL_21-464-_-y05-55538-O-3-4,RS_21-464-_-y05-55538-O-3,40004410805D
1207,tfl_21-464-_-y05-55538.xml,40004410805D,RL_21-464-_-y05-55538-O-3-5,RS_21-464-_-y05-55538-O-3,490005009W
210,tfl_21-464-_-y05-55538.xml,490005009W,RL_21-464-_-y05-55538-O-3-6,RS_21-464-_-y05-55538-O-3,490013114W
176,tfl_21-464-_-y05-55538.xml,490013114W,RL_21-464-_-y05-55538-O-3-7,RS_21-464-_-y05-55538-O-3,490011693N3
278,tfl_21-464-_-y05-55538.xml,490011693N3,RL_21-464-_-y05-55538-O-3-8,RS_21-464-_-y05-55538-O-3,490012824N
614,tfl_21-464-_-y05-55538.xml,490012824N,RL_21-464-_-y05-55538-O-3-9,RS_21-464-_-y05-55538-O-3,490003994E
224,tfl_21-464-_-y05-55538.xml,490003994E,RL_21-464-_-y05-55538-O-3-10,RS_21-464-_-y05-55538-O-3,490009625N
400,tfl_21-464-_-y05-55538.xml,490009625N,RL_21-464-_-y05-55538-O-3-11,RS_21-464-_-y05-55538-O-3,490008533N
793,tfl_21-464-_-y05-55538.xml,490008533N,RL_21-464-_-y05-55538-O-3-12,RS_21-464-_-y05-55538-O-3,490013017N
452,tfl_21-464-_-y05-55538.xml,490013017N,RL_21-464-_-y05-55538-O-3-13,RS_21-464-_-y05-55538-O-3,490011874N
383,tfl_21-464-_-y05-55538.xml,490011874N,RL_21-464-_-y05-55538-O-3-14,RS_21-464-_-y05-55538-O-3,490007746N
370,tfl_21-464-_-y05-55538.xml,490007746N,RL_21-464-_-y05-55538-O-3-15,RS_21-464-_-y05-55538-O-3,490003993N
669,tfl_21-464-_-y05-55538.xml,490003993N,RL_21-464-_-y05-55538-O-3-16,RS_21-464-_-y05-55538-O-3,490009878N
354,tfl_21-464-_-y05-55538.xml,490009878N,RL_21-464-_-y05-55538-O-3-17,RS_21-464-_-y05-55538-O-3,490009051N
488,tfl_21-464-_-y05-55538.xml,490009051N,RL_21-464-_-y05-55538-O-3-18,RS_21-464-_-y05-55538-O-3,490004073N
670,tfl_21-464-_-y05-55538.xml,490004073N,RL_21-464-_-y05-55538-O-3-19,RS_21-464-_-y05-55538-O-3,490008680N
788,tfl_21-464-_-y05-55538.xml,490008680N,RL_21-464-_-y05-55538-O-3-20,RS_21-464-_-y05-55538-O-3,490008000N2
286,tfl_21-464-_-y05-55538.xml,490008000N2,RL_21-464-_-y05-55538-O-3-21,RS_21-464-_-y05-55538-O-3,490008684N2
379,tfl_21-464-_-y05-55538.xml,490008684N2,RL_21-464-_-y05-55538-O-3-22,RS_21-464-_-y05-55538-O-3,490015686N
340,tfl_21-464-_-y05-55538.xml,490015686N,RL_21-464-_-y05-55538-O-3-23,RS_21-464-_-y05-55538-O-3,490008678N
1301,tfl_21-464-_-y05-55538.xml,490008678N,RL_21-464-_-y05-55538-O-3-24,RS_21-464-_-y05-55538-O-3,490007871W
749,tfl_21-464-_-y05-55538.xml,490007871W,RL_21-464-_-y05-55538-O-3-25,RS_21-464-_-y05-55538-O-3,490005544W
442,tfl_21-464-_-y05-55538.xml,490005544W,RL_21-464-_-y05-55538-O-3-26,RS_21-464-_-y05-55538-O-3,490003099W
255,tfl_21-464-_-y05-55538.xml,490003099W,RL_21-464-_-y05-55538-O-3-27,RS_21-464-_-y05-55538-O-3,490009032W
1110,tfl_21-464-_-y05-55538.xml,490009032W,RL_21-464-_-y05-55538-O-3-28,RS_21-464-_-y05-55538-O-3,490003095W
1790,tfl_21-464-_-y05-55538.xml,490003095W,RL_21-464-_-y05-55538-O-3-29,RS_21-464-_-y05-55538-O-3,490015533S1
378,tfl_21-464-_-y05-55538.xml,490015533S1,RL_21-464-_-y05-55538-O-3-30,RS_21-464-_-y05-55538-O-3,490002038B
304,tfl_21-464-_-y05-55538.xml,490002038B,RL_21-464-_-y05-55538-O-3-31,RS_21-464-_-y05-55538-O-3,490004843S
549,tfl_21-464-_-y05-55538.xml,490004843S,RL_21-464-_-y05-55538-O-3-32,RS_21-464-_-y05-55538-O-3,490013672E
962,tfl_21-464-_-y05-55538.xml,490013672E,RL_21-464-_-y05-55538-O-3-33,RS_21-464-_-y05-55538-O-3,490015467Z
312,tfl_21-464-_-y05-55538.xml,490015467Z,RL_21-464-_-y05-55538-O-3-34,RS_21-464-_-y05-55538-O-3,490011493S
374,tfl_21-464-_-y05-55538.xml,490011493S,RL_21-464-_-y05-55538-O-3-35,RS_21-464-_-y05-55538-O-3,490004680W
261,tfl_21-464-_-y05-55538.xml,490004680W,RL_21-464-_-y05-55538-O-3-36,RS_21-464-_-y05-55538-O-3,490009926W
412,tfl_21-464-_-y05-55538.xml,490009926W,RL_21-464-_-y05-55538-O-3-37,RS_21-464-_-y05-55538-O-3,490004928N
431,tfl_21-464-_-y05-55538.xml,490004928N,RL_21-464-_-y05-55538-O-3-38,RS_21-464-_-y05-55538-O-3,490010848N
374,tfl_21-464-_-y05-55539.xml,490010848S,RL_21-464-_-y05-55539-I-1-1,RS_21-464-_-y05-55539-I-1,490004928Z
189,tfl_21-464-_-y05-55539.xml,490004928Z,RL_21-464-_-y05-55539-I-1-2,RS_21-464-_-y05-55539-I-1,490012660E
226,tfl_21-464-_-y05-55539.xml,490012660E,RL_21-464-_-y05-55539-I-1-3,RS_21-464-_-y05-55539-I-1,490009926E
293,tfl_21-464-_-y05-55539.xml,490009926E,RL_21-464-_-y05-55539-I-1-4,RS_21-464-_-y05-55539-I-1,490004680E
399,tfl_21-464-_-y05-55539.xml,490004680E,RL_21-464-_-y05-55539-I-1-5,RS_21-464-_-y05-55539-I-1,490011493N
207,tfl_21-464-_-y05-55539.xml,490011493N,RL_21-464-_-y05-55539-I-1-6,RS_21-464-_-y05-55539-I-1,490015467N
1185,tfl_21-464-_-y05-55539.xml,490015467N,RL_21-464-_-y05-55539-I-1-7,RS_21-464-_-y05-55539-I-1,490003945W
347,tfl_21-464-_-y05-55539.xml,490003945W,RL_21-464-_-y05-55539-I-1-8,RS_21-464-_-y05-55539-I-1,490013322N
448,tfl_21-464-_-y05-55539.xml,490013322N,RL_21-464-_-y05-55539-I-1-9,RS_21-464-_-y05-55539-I-1,490002038A
2063,tfl_21-464-_-y05-55539.xml,490002038A,RL_21-464-_-y05-55539-I-1-10,RS_21-464-_-y05-55539-I-1,490003095E
1171,tfl_21-464-_-y05-55539.xml,490003095E,RL_21-464-_-y05-55539-I-1-11,RS_21-464-_-y05-55539-I-1,490009032E
206,tfl_21-464-_-y05-55539.xml,490009032E,RL_21-464-_-y05-55539-I-1-12,RS_21-464-_-y05-55539-I-1,490003099N
232,tfl_21-464-_-y05-55539.xml,490003099N,RL_21-464-_-y05-55539-I-1-13,RS_21-464-_-y05-55539-I-1,490003097E
196,tfl_21-464-_-y05-55539.xml,490003097E,RL_21-464-_-y05-55539-I-1-14,RS_21-464-_-y05-55539-I-1,490005544E
898,tfl_21-464-_-y05-55539.xml,490005544E,RL_21-464-_-y05-55539-I-1-15,RS_21-464-_-y05-55539-I-1,490007871E
1281,tfl_21-464-_-y05-55539.xml,490007871E,RL_21-464-_-y05-55539-I-1-16,RS_21-464-_-y05-55539-I-1,490008678S
312,tfl_21-464-_-y05-55539.xml,490008678S,RL_21-464-_-y05-55539-I-1-17,RS_21-464-_-y05-55539-I-1,490015686S
290,tfl_21-464-_-y05-55539.xml,490015686S,RL_21-464-_-y05-55539-I-1-18,RS_21-464-_-y05-55539-I-1,490008684N1
180,tfl_21-464-_-y05-55539.xml,490008684N1,RL_21-464-_-y05-55539-I-1-19,RS_21-464-_-y05-55539-I-1,490008000S2
1171,tfl_21-464-_-y05-55539.xml,490008000S2,RL_21-464-_-y05-55539-I-1-20,RS_21-464-_-y05-55539-I-1,490006165S
390,tfl_21-464-_-y05-55539.xml,490006165S,RL_21-464-_-y05-55539-I-1-21,RS_21-464-_-y05-55539-I-1,490004073S
494,tfl_21-464-_-y05-55539.xml,490004073S,RL_21-464-_-y05-55539-I-1-22,RS_21-464-_-y05-55539-I-1,490009051S
376,tfl_21-464-_-y05-55539.xml,490009051S,RL_21-464-_-y05-55539-I-1-23,RS_21-464-_-y05-55539-I-1,490009878S
489,tfl_21-464-_-y05-55539.xml,490009878S,RL_21-464-_-y05-55539-I-1-24,RS_21-464-_-y05-55539-I-1,490003993S
446,tfl_21-464-_-y05-55539.xml,490003993S,RL_21-464-_-y05-55539-I-1-25,RS_21-464-_-y05-55539-I-1,490007746S
186,tfl_21-464-_-y05-55539.xml,490007746S,RL_21-464-_-y05-55539-I-1-26,RS_21-464-_-y05-55539-I-1,490002120Z
317,tfl_21-464-_-y05-55539.xml,490002120Z,RL_21-464-_-y05-55539-I-1-27,RS_21-464-_-y05-55539-I-1,490011874S
462,tfl_21-464-_-y05-55539.xml,490011874S,RL_21-464-_-y05-55539-I-1-28,RS_21-464-_-y05-55539-I-1,490013017S
752,tfl_21-464-_-y05-55539.xml,490013017S,RL_21-464-_-y05-55539-I-1-29,RS_21-464-_-y05-55539-I-1,490008533S
555,tfl_21-464-_-y05-55539.xml,490008533S,RL_21-464-_-y05-55539-I-2-30,RS_21-464-_-y05-55539-I-2,490003994S
665,tfl_21-464-_-y05-55539.xml,490003994S,RL_21-464-_-y05-55539-I-2-31,RS_21-464-_-y05-55539-I-2,490012824S
355,tfl_21-464-_-y05-55539.xml,490012824S,RL_21-464-_-y05-55539-I-2-32,RS_21-464-_-y05-55539-I-2,490011693S
186,tfl_21-464-_-y05-55539.xml,490011693S,RL_21-464-_-y05-55539-I-2-33,RS_21-464-_-y05-55539-I-2,490013114E
1096,tfl_21-464-_-y05-55539.xml,490013114E,RL_21-464-_-y05-55539-I-2-34,RS_21-464-_-y05-55539-I-2,40004410805F
462,tfl_21-464-_-y05-55539.xml,40004410805F,RL_21-464-_-y05-55539-I-2-35,RS_21-464-_-y05-55539-I-2,40004410134A
399,tfl_21-464-_-y05-55539.xml,40004410134A,RL_21-464-_-y05-55539-I-2-36,RS_21-464-_-y05-55539-I-2,40004410805G
575,tfl_21-464-_-y05-55539.xml,40004410805G,RL_21-464-_-y05-55539-I-2-37,RS_21-464-_-y05-55539-I-2,40004410805H
492,tfl_21-464-_-y05-55539.xml,40004410805H,RL_21-464-_-y05-55539-I-2-38,RS_21-464-_-y05-55539-I-2,40004410135A
395,tfl_21-464-_-y05-55539.xml,40004410135A,RL_21-464-_-y05-55539-O-3-1,RS_21-464-_-y05-55539-O-3,40004410805A
582,tfl_21-464-_-y05-55539.xml,40004410805A,RL_21-464-_-y05-55539-O-3-2,RS_21-464-_-y05-55539-O-3,40004410805B
386,tfl_21-464-_-y05-55539.xml,40004410805B,RL_21-464-_-y05-55539-O-3-3,RS_21-464-_-y05-55539-O-3,40004410805C
246,tfl_21-464-_-y05-55539.xml,40004410805C,RL_21-464-_-y05-55539-O-3-4,RS_21-464-_-y05-55539-O-3,40004410805D
1207,tfl_21-464-_-y05-55539.xml,40004410805D,RL_21-464-_-y05-55539-O-3-5,RS_21-464-_-y05-55539-O-3,490005009W
210,tfl_21-464-_-y05-55539.xml,490005009W,RL_21-464-_-y05-55539-O-3-6,RS_21-464-_-y05-55539-O-3,490013114W
176,tfl_21-464-_-y05-55539.xml,490013114W,RL_21-464-_-y05-55539-O-3-7,RS_21-464-_-y05-55539-O-3,490011693N3
278,tfl_21-464-_-y05-55539.xml,490011693N3,RL_21-464-_-y05-55539-O-3-8,RS_21-464-_-y05-55539-O-3,490012824N
614,tfl_21-464-_-y05-55539.xml,490012824N,RL_21-464-_-y05-55539-O-3-9,RS_21-464-_-y05-55539-O-3,490003994E
224,tfl_21-464-_-y05-55539.xml,490003994E,RL_21-464-_-y05-55539-O-3-10,RS_21-464-_-y05-55539-O-3,490009625N
400,tfl_21-464-_-y05-55539.xml,490009625N,RL_21-464-_-y05-55539-O-3-11,RS_21-464-_-y05-55539-O-3,490008533N
793,tfl_21-464-_-y05-55539.xml,490008533N,RL_21-464-_-y05-55539-O-3-12,RS_21-464-_-y05-55539-O-3,490013017N
452,tfl_21-464-_-y05-55539.xml,490013017N,RL_21-464-_-y05-55539-O-3-13,RS_21-464-_-y05-55539-O-3,490011874N
383,tfl_21-464-_-y05-55539.xml,490011874N,RL_21-464-_-y05-55539-O-3-14,RS_21-464-_-y05-55539-O-3,490007746N
370,tfl_21-464-_-y05-55539.xml,490007746N,RL_21-464-_-y05-55539-O-3-15,RS_21-464-_-y05-55539-O-3,490003993N
669,tfl_21-464-_-y05-55539.xml,490003993N,RL_21-464-_-y05-55539-O-3-16,RS_21-464-_-y05-55539-O-3,490009878N
354,tfl_21-464-_-y05-55539.xml,490009878N,RL_21-464-_-y05-55539-O-3-17,RS_21-464-_-y05-55539-O-3,490009051N
488,tfl_21-464-_-y05-55539.xml,490009051N,RL_21-464-_-y05-55539-O-3-18,RS_21-464-_-y05-55539-O-3,490004073N
670,tfl_21-464-_-y05-55539.xml,490004073N,RL_21-464-_-y05-55539-O-3-19,RS_21-464-_-y05-55539-O-3,490008680N
788,tfl_21-464-_-y05-55539.xml,490008680N,RL_21-464-_-y05-55539-O-3-20,RS_21-464-_-y05-55539-O-3,490008000N2
286,tfl_21-464-_-y05-55539.xml,490008000N2,RL_21-464-_-y05-55539-O-3-21,RS_21-464-_-y05-55539-O-3,490008684N2
379,tfl_21-464-_-y05-55539.xml,490008684N2,RL_21-464-_-y05-55539-O-3-22,RS_21-464-_-y05-55539-O-3,490015686N
340,tfl_21-464-_-y05-55539.xml,490015686N,RL_21-464-_-y05-55539-O-3-23,RS_21-464-_-y05-55539-O-3,490008678N
1301,tfl_21-464-_-y05-55539.xml,490008678N,RL_21-464-_-y05-55539-O-3-24,RS_21-464-_-y05-55539-O-3,490007871W
749,tfl_21-464-_-y05-55539.xml,490007871W,RL_21-464-_-y05-55539-O-3-25,RS_21-464-_-y05-55539-O-3,490005544W
442,tfl_21-464-_-y05-55539.xml,490005544W,RL_21-464-_-y05-55539-O-3-26,RS_21-464-_-y05-55539-O-3,490003099W
255,tfl_21-464-_-y05-55539.xml,490003099W,RL_21-464-_-y05-55539-O-3-27,RS_21-464-_-y05-55539-O-3,490009032W
1110,tfl_21-464-_-y05-55539.xml,490009032W,RL_21-464-_-y05-55539-O-3-28,RS_21-464-_-y05-55539-O-3,490003095W
1790,tfl_21-464-_-y05-55539.xml,490003095W,RL_21-464-_-y05-55539-O-3-29,RS_21-464-_-y05-55539-O-3,490015533S1
378,tfl_21-464-_-y05-55539.xml,490015533S1,RL_21-464-_-y05-55539-O-3-30,RS_21-464-_-y05-55539-O-3,490002038B
304,tfl_21-464-_-y05-55539.xml,490002038B,RL_21-464-_-y05-55539-O-3-31,RS_21-464-_-y05-55539-O-3,490004843S
549,tfl_21-464-_-y05-55539.xml,490004843S,RL_21-464-_-y05-55539-O-3-32,RS_21-464-_-y05-55539-O-3,490013672E
962,tfl_21-464-_-y05-55539.xml,490013672E,RL_21-464-_-y05-55539-O-3-33,RS_21-464-_-y05-55539-O-3,490015467Z
312,tfl_21-464-_-y05-55539.xml,490015467Z,RL_21-464-_-y05-55539-O-3-34,RS_21-464-_-y05-55539-O-3,490011493S
374,tfl_21-464-_-y05-55539.xml,490011493S,RL_21-464-_-y05-55539-O-3-35,RS_21-464-_-y05-55539-O-3,490004680W
261,tfl_21-464-_-y05-55539.xml,490004680W,RL_21-464-_-y05-55539-O-3-36,RS_21-464-_-y05-55539-O-3,490009926W
412,tfl_21-464-_-y05-55539.xml,490009926W,RL_21-464-_-y05-55539-O-3-37,RS_21-464-_-y05-55539-O-3,490004928N
431,tfl_21-464-_-y05-55539.xml,490004928N,RL_21-464-_-y05-55539-O-3-38,RS_21-464-_-y05-55539-O-3,490010848N
348,tfl_21-465-_-y05-7_b3z8CFQ.xml,40004408085A,RL_21-465-_-y05-7-I-1-1,RS_21-465-_-y05-7-I-1,40004408088A
449,tfl_21-465-_-y05-7_b3z8CFQ.xml,40004408088A,RL_21-465-_-y05-7-I-1-2,RS_21-465-_-y05-7-I-1,40004408110A
401,tfl_21-465-_-y05-7_b3z8CFQ.xml,40004408110A,RL_21-465-_-y05-7-I-1-3,RS_21-465-_-y05-7-I-1,40004408111A
277,tfl_21-465-_-y05-7_b3z8CFQ.xml,40004408111A,RL_21-465-_-y05-7-I-1-4,RS_21-465-_-y05-7-I-1,40004408112B
204,tfl_21-465-_-y05-7_b3z8CFQ.xml,40004408112B,RL_21-465-_-y05-7-I-1-5,RS_21-465-_-y05-7-I-1,40004408113B
616,tfl_21-465-_-y05-7_b3z8CFQ.xml,40004408113B,RL_21-465-_-y05-7-I-1-6,RS_21-465-_-y05-7-I-1,40004408240B
575,tfl_21-465-_-y05-7_b3z8CFQ.xml,40004408240B,RL_21-465-_-y05-7-I-1-7,RS_21-465-_-y05-7-I-1,40004408128A
849,tfl_21-465-_-y05-7_b3z8CFQ.xml,40004408128A,RL_21-465-_-y05-7-I-1-8,RS_21-465-_-y05-7-I-1,40004408129A
437,tfl_21-465-_-y05-7_b3z8CFQ.xml,40004408129A,RL_21-465-_-y05-7-I-1-9,RS_21-465-_-y05-7-I-1,40004408130B
378,tfl_21-465-_-y05-7_b3z8CFQ.xml,40004408130B,RL_21-465-_-y05-7-I-1-10,RS_21-465-_-y05-7-I-1,40004408223A
346,tfl_21-465-_-y05-7_b3z8CFQ.xml,40004408223A,RL_21-465-_-y05-7-I-1-11,RS_21-465-_-y05-7-I-1,40004408131A
295,tfl_21-465-_-y05-7_b3z8CFQ.xml,40004408131A,RL_21-465-_-y05-7-I-1-12,RS_21-465-_-y05-7-I-1,40004408239A
470,tfl_21-465-_-y05-7_b3z8CFQ.xml,40004408239A,RL_21-465-_-y05-7-I-1-13,RS_21-465-_-y05-7-I-1,40004408132A
584,tfl_21-465-_-y05-7_b3z8CFQ.xml,40004408132A,RL_21-465-_-y05-7-I-1-14,RS_21-465-_-y05-7-I-1,40004408133A
1501,tfl_21-465-_-y05-7_b3z8CFQ.xml,40004408133A,RL_21-465-_-y05-7-I-1-15,RS_21-465-_-y05-7-I-1,40004408134A
1742,tfl_21-465-_-y05-7_b3z8CFQ.xml,40004408134A,RL_21-465-_-y05-7-I-1-16,RS_21-465-_-y05-7-I-1,40004408172A
443,tfl_21-465-_-y05-7_b3z8CFQ.xml,40004408172A,RL_21-465-_-y05-7-I-1-17,RS_21-465-_-y05-7-I-1,40004408173A
951,tfl_21-465-_-y05-7_b3z8CFQ.xml,40004408173A,RL_21-465-_-y05-7-I-1-18,RS_21-465-_-y05-7-I-1,40004408174A
504,tfl_21-465-_-y05-7_b3z8CFQ.xml,40004408174A,RL_21-465-_-y05-7-I-1-19,RS_21-465-_-y05-7-I-1,40004408175A
315,tfl_21-465-_-y05-7_b3z8CFQ.xml,40004408175A,RL_21-465-_-y05-7-I-1-20,RS_21-465-_-y05-7-I-1,40004408176A
427,tfl_21-465-_-y05-7_b3z8CFQ.xml,40004408176A,RL_21-465-_-y05-7-I-1-21,RS_21-465-_-y05-7-I-1,40004408237A
376,tfl_21-465-_-y05-7_b3z8CFQ.xml,40004408237A,RL_21-465-_-y05-7-I-1-22,RS_21-465-_-y05-7-I-1,40004408187A
339,tfl_21-465-_-y05-7_b3z8CFQ.xml,40004408187A,RL_21-465-_-y05-7-I-1-23,RS_21-465-_-y05-7-I-1,40004408188A
636,tfl_21-465-_-y05-7_b3z8CFQ.xml,40004408188A,RL_21-465-_-y05-7-I-1-24,RS_21-465-_-y05-7-I-1,40004408189A
306,tfl_21-465-_-y05-7_b3z8CFQ.xml,40004408189A,RL_21-465-_-y05-7-I-1-25,RS_21-465-_-y05-7-I-1,40004408234A
167,tfl_21-465-_-y05-7_b3z8CFQ.xml,40004408234A,RL_21-465-_-y05-7-I-1-26,RS_21-465-_-y05-7-I-1,40004408191A
319,tfl_21-465-_-y05-7_b3z8CFQ.xml,40004408191A,RL_21-465-_-y05-7-I-1-27,RS_21-465-_-y05-7-I-1,40004408226A
1070,tfl_21-465-_-y05-7_b3z8CFQ.xml,40004408226A,RL_21-465-_-y05-7-I-1-28,RS_21-465-_-y05-7-I-1,40004408192A
630,tfl_21-465-_-y05-7_b3z8CFQ.xml,40004408192A,RL_21-465-_-y05-7-I-1-29,RS_21-465-_-y05-7-I-1,40004408959A
1390,tfl_21-465-_-y05-7_b3z8CFQ.xml,40004408959A,RL_21-465-_-y05-7-I-1-30,RS_21-465-_-y05-7-I-1,490013552N
273,tfl_21-465-_-y05-7_b3z8CFQ.xml,490013552N,RL_21-465-_-y05-7-I-1-31,RS_21-465-_-y05-7-I-1,490011796N
484,tfl_21-465-_-y05-7_b3z8CFQ.xml,490011796N,RL_21-465-_-y05-7-I-1-32,RS_21-465-_-y05-7-I-1,490020192N
704,tfl_21-465-_-y05-7_b3z8CFQ.xml,490020192N,RL_21-465-_-y05-7-I-1-33,RS_21-465-_-y05-7-I-1,490005121X
383,tfl_21-465-_-y05-7_b3z8CFQ.xml,490005121X,RL_21-465-_-y05-7-I-1-34,RS_21-465-_-y05-7-I-1,490003663X
244,tfl_21-465-_-y05-7_b3z8CFQ.xml,490003663X,RL_21-465-_-y05-7-I-1-35,RS_21-465-_-y05-7-I-1,490009048C
518,tfl_21-465-_-y05-7_b3z8CFQ.xml,490009048C,RL_21-465-_-y05-7-I-1-36,RS_21-465-_-y05-7-I-1,490006490L
461,tfl_21-465-_-y05-7_b3z8CFQ.xml,490006490L,RL_21-465-_-y05-7-I-1-37,RS_21-465-_-y05-7-I-1,490009615P
249,tfl_21-465-_-y05-7_b3z8CFQ.xml,490009615P,RL_21-465-_-y05-7-I-1-38,RS_21-465-_-y05-7-I-1,490013597N
224,tfl_21-465-_-y05-7_b3z8CFQ.xml,490013597N,RL_21-465-_-y05-7-I-1-39,RS_21-465-_-y05-7-I-1,490008338N
336,tfl_21-465-_-y05-7_b3z8CFQ.xml,490008338N,RL_21-465-_-y05-7-I-1-40,RS_21-465-_-y05-7-I-1,490013474N
303,tfl_21-465-_-y05-7_b3z8CFQ.xml,490013474N,RL_21-465-_-y05-7-I-1-41,RS_21-465-_-y05-7-I-1,490006501N
294,tfl_21-465-_-y05-7_b3z8CFQ.xml,490006501N,RL_21-465-_-y05-7-I-1-42,RS_21-465-_-y05-7-I-1,490007205N
378,tfl_21-465-_-y05-7_b3z8CFQ.xml,490007205N,RL_21-465-_-y05-7-I-1-43,RS_21-465-_-y05-7-I-1,490013628N
361,tfl_21-465-_-y05-7_b3z8CFQ.xml,490013628N,RL_21-465-_-y05-7-I-1-44,RS_21-465-_-y05-7-I-1,490013457N
416,tfl_21-465-_-y05-7_b3z8CFQ.xml,490013457N,RL_21-465-_-y05-7-I-1-45,RS_21-465-_-y05-7-I-1,490008949N
293,tfl_21-465-_-y05-7_b3z8CFQ.xml,490008949N,RL_21-465-_-y05-7-I-1-46,RS_21-465-_-y05-7-I-1,490010075N
406,tfl_21-465-_-y05-7_b3z8CFQ.xml,490010075N,RL_21-465-_-y05-7-I-1-47,RS_21-465-_-y05-7-I-1,490009395N
183,tfl_21-465-_-y05-7_b3z8CFQ.xml,490009395N,RL_21-465-_-y05-7-I-1-48,RS_21-465-_-y05-7-I-1,490013036H
267,tfl_21-465-_-y05-7_b3z8CFQ.xml,490013036H,RL_21-465-_-y05-7-I-1-49,RS_21-465-_-y05-7-I-1,490001285C
159,tfl_21-465-_-y05-7_b3z8CFQ.xml,490001285C,RL_21-465-_-y05-7-I-1-50,RS_21-465-_-y05-7-I-1,490015165A
264,tfl_21-465-_-y05-7_b3z8CFQ.xml,490015165A,RL_21-465-_-y05-7-I-1-51,RS_21-465-_-y05-7-I-1,490013315N
279,tfl_21-465-_-y05-7_b3z8CFQ.xml,490013315N,RL_21-465-_-y05-7-I-1-52,RS_21-465-_-y05-7-I-1,490009627N
448,tfl_21-465-_-y05-7_b3z8CFQ.xml,490009627N,RL_21-465-_-y05-7-I-1-53,RS_21-465-_-y05-7-I-1,490013035N
287,tfl_21-465-_-y05-7_b3z8CFQ.xml,490013035N,RL_21-465-_-y05-7-I-1-54,RS_21-465-_-y05-7-I-1,490013037W
400,tfl_21-465-_-y05-7_b3z8CFQ.xml,490013037W,RL_21-465-_-y05-7-I-1-55,RS_21-465-_-y05-7-I-1,490006364N
306,tfl_21-465-_-y05-7_b3z8CFQ.xml,490006364N,RL_21-465-_-y05-7-I-1-56,RS_21-465-_-y05-7-I-1,490007595K
408,tfl_21-465-_-y05-7_b3z8CFQ.xml,490007595K,RL_21-465-_-y05-7-I-1-57,RS_21-465-_-y05-7-I-1,490006412E3
375,tfl_21-465-_-y05-7_b3z8CFQ.xml,490006412E3,RL_21-465-_-y05-7-I-1-58,RS_21-465-_-y05-7-I-1,490005800A2
755,tfl_21-465-_-y05-7_b3z8CFQ.xml,490005800A16,RL_21-465-_-y05-7-O-2-1,RS_21-465-_-y05-7-O-2,490006412D1
259,tfl_21-465-_-y05-7_b3z8CFQ.xml,490006412D1,RL_21-465-_-y05-7-O-2-2,RS_21-465-_-y05-7-O-2,490006412H
120,tfl_21-465-_-y05-7_b3z8CFQ.xml,490006412H,RL_21-465-_-y05-7-O-2-3,RS_21-465-_-y05-7-O-2,490007595J
288,tfl_21-465-_-y05-7_b3z8CFQ.xml,490007595J,RL_21-465-_-y05-7-O-2-4,RS_21-465-_-y05-7-O-2,490006364S
264,tfl_21-465-_-y05-7_b3z8CFQ.xml,490006364S,RL_21-465-_-y05-7-O-2-5,RS_21-465-_-y05-7-O-2,490014817S
199,tfl_21-465-_-y05-7_b3z8CFQ.xml,490014817S,RL_21-465-_-y05-7-O-2-6,RS_21-465-_-y05-7-O-2,490013037E
340,tfl_21-465-_-y05-7_b3z8CFQ.xml,490013037E,RL_21-465-_-y05-7-O-2-7,RS_21-465-_-y05-7-O-2,490013034S
222,tfl_21-465-_-y05-7_b3z8CFQ.xml,490013034S,RL_21-465-_-y05-7-O-2-8,RS_21-465-_-y05-7-O-2,490009627S
376,tfl_21-465-_-y05-7_b3z8CFQ.xml,490009627S,RL_21-465-_-y05-7-O-2-9,RS_21-465-_-y05-7-O-2,490013315S
214,tfl_21-465-_-y05-7_b3z8CFQ.xml,490013315S,RL_21-465-_-y05-7-O-2-10,RS_21-465-_-y05-7-O-2,490015165B
184,tfl_21-465-_-y05-7_b3z8CFQ.xml,490015165B,RL_21-465-_-y05-7-O-2-11,RS_21-465-_-y05-7-O-2,490001285D
178,tfl_21-465-_-y05-7_b3z8CFQ.xml,490001285D,RL_21-465-_-y05-7-O-2-12,RS_21-465-_-y05-7-O-2,490013036G
276,tfl_21-465-_-y05-7_b3z8CFQ.xml,490013036G,RL_21-465-_-y05-7-O-2-13,RS_21-465-_-y05-7-O-2,490009395S
215,tfl_21-465-_-y05-7_b3z8CFQ.xml,490009395S,RL_21-465-_-y05-7-O-2-14,RS_21-465-_-y05-7-O-2,490010075S
281,tfl_21-465-_-y05-7_b3z8CFQ.xml,490010075S,RL_21-465-_-y05-7-O-2-15,RS_21-465-_-y05-7-O-2,490018574S
212,tfl_21-465-_-y05-7_b3z8CFQ.xml,490018574S,RL_21-465-_-y05-7-O-2-16,RS_21-465-_-y05-7-O-2,490008949S
222,tfl_21-465-_-y05-7_b3z8CFQ.xml,490008949S,RL_21-465-_-y05-7-O-2-17,RS_21-465-_-y05-7-O-2,490006089S
321,tfl_21-465-_-y05-7_b3z8CFQ.xml,490006089S,RL_21-465-_-y05-7-O-2-18,RS_21-465-_-y05-7-O-2,490013457HU
232,tfl_21-465-_-y05-7_b3z8CFQ.xml,490013457HU,RL_21-465-_-y05-7-O-2-19,RS_21-465-_-y05-7-O-2,490013628S
354,tfl_21-465-_-y05-7_b3z8CFQ.xml,490013628S,RL_21-465-_-y05-7-O-2-20,RS_21-465-_-y05-7-O-2,490007205S
310,tfl_21-465-_-y05-7_b3z8CFQ.xml,490007205S,RL_21-465-_-y05-7-O-2-21,RS_21-465-_-y05-7-O-2,490006501S
314,tfl_21-465-_-y05-7_b3z8CFQ.xml,490006501S,RL_21-465-_-y05-7-O-2-22,RS_21-465-_-y05-7-O-2,490013474S
271,tfl_21-465-_-y05-7_b3z8CFQ.xml,490013474S,RL_21-465-_-y05-7-O-2-23,RS_21-465-_-y05-7-O-2,490008338S1
302,tfl_21-465-_-y05-7_b3z8CFQ.xml,490008338S1,RL_21-465-_-y05-7-O-2-24,RS_21-465-_-y05-7-O-2,490013597Q
375,tfl_21-465-_-y05-7_b3z8CFQ.xml,490013597Q,RL_21-465-_-y05-7-O-2-25,RS_21-465-_-y05-7-O-2,490004328N
245,tfl_21-465-_-y05-7_b3z8CFQ.xml,490004328N,RL_21-465-_-y05-7-O-2-26,RS_21-465-_-y05-7-O-2,490006490M
416,tfl_21-465-_-y05-7_b3z8CFQ.xml,490006490M,RL_21-465-_-y05-7-O-2-27,RS_21-465-_-y05-7-O-2,490009048D
402,tfl_21-465-_-y05-7_b3z8CFQ.xml,490009048D,RL_21-465-_-y05-7-O-2-28,RS_21-465-_-y05-7-O-2,490003663W
357,tfl_21-465-_-y05-7_b3z8CFQ.xml,490003663W,RL_21-465-_-y05-7-O-2-29,RS_21-465-_-y05-7-O-2,490005121Y
883,tfl_21-465-_-y05-7_b3z8CFQ.xml,490005121Y,RL_21-465-_-y05-7-O-2-30,RS_21-465-_-y05-7-O-2,490020192S
302,tfl_21-465-_-y05-7_b3z8CFQ.xml,490020192S,RL_21-465-_-y05-7-O-2-31,RS_21-465-_-y05-7-O-2,490011796S
338,tfl_21-465-_-y05-7_b3z8CFQ.xml,490011796S,RL_21-465-_-y05-7-O-2-32,RS_21-465-_-y05-7-O-2,490013552S
1390,tfl_21-465-_-y05-7_b3z8CFQ.xml,490013552S,RL_21-465-_-y05-7-O-2-33,RS_21-465-_-y05-7-O-2,40004408959B
592,tfl_21-465-_-y05-7_b3z8CFQ.xml,40004408959B,RL_21-465-_-y05-7-O-2-34,RS_21-465-_-y05-7-O-2,40004408192B
1160,tfl_21-465-_-y05-7_b3z8CFQ.xml,40004408192B,RL_21-465-_-y05-7-O-2-35,RS_21-465-_-y05-7-O-2,40004408226B
470,tfl_21-465-_-y05-7_b3z8CFQ.xml,40004408226B,RL_21-465-_-y05-7-O-2-36,RS_21-465-_-y05-7-O-2,40004408191B
472,tfl_21-465-_-y05-7_b3z8CFQ.xml,40004408191B,RL_21-465-_-y05-7-O-2-37,RS_21-465-_-y05-7-O-2,40004408189B
589,tfl_21-465-_-y05-7_b3z8CFQ.xml,40004408189B,RL_21-465-_-y05-7-O-2-38,RS_21-465-_-y05-7-O-2,40004408188B
393,tfl_21-465-_-y05-7_b3z8CFQ.xml,40004408188B,RL_21-465-_-y05-7-O-2-39,RS_21-465-_-y05-7-O-2,40004408187B
419,tfl_21-465-_-y05-7_b3z8CFQ.xml,40004408187B,RL_21-465-_-y05-7-O-2-40,RS_21-465-_-y05-7-O-2,40004408176B
208,tfl_21-465-_-y05-7_b3z8CFQ.xml,40004408176B,RL_21-465-_-y05-7-O-2-41,RS_21-465-_-y05-7-O-2,40004408175B
457,tfl_21-465-_-y05-7_b3z8CFQ.xml,40004408175B,RL_21-465-_-y05-7-O-2-42,RS_21-465-_-y05-7-O-2,40004408174B
1017,tfl_21-465-_-y05-7_b3z8CFQ.xml,40004408174B,RL_21-465-_-y05-7-O-2-43,RS_21-465-_-y05-7-O-2,40004408173B
385,tfl_21-465-_-y05-7_b3z8CFQ.xml,40004408173B,RL_21-465-_-y05-7-O-2-44,RS_21-465-_-y05-7-O-2,40004408172B
1898,tfl_21-465-_-y05-7_b3z8CFQ.xml,40004408172B,RL_21-465-_-y05-7-O-2-45,RS_21-465-_-y05-7-O-2,40004408134B
1269,tfl_21-465-_-y05-7_b3z8CFQ.xml,40004408134B,RL_21-465-_-y05-7-O-2-46,RS_21-465-_-y05-7-O-2,40004408133B
664,tfl_21-465-_-y05-7_b3z8CFQ.xml,40004408133B,RL_21-465-_-y05-7-O-2-47,RS_21-465-_-y05-7-O-2,40004408132B
791,tfl_21-465-_-y05-7_b3z8CFQ.xml,40004408132B,RL_21-465-_-y05-7-O-2-48,RS_21-465-_-y05-7-O-2,40004408131B
320,tfl_21-465-_-y05-7_b3z8CFQ.xml,40004408131B,RL_21-465-_-y05-7-O-2-49,RS_21-465-_-y05-7-O-2,40004408016A
385,tfl_21-465-_-y05-7_b3z8CFQ.xml,40004408016A,RL_21-465-_-y05-7-O-2-50,RS_21-465-_-y05-7-O-2,40004408130A
353,tfl_21-465-_-y05-7_b3z8CFQ.xml,40004408130A,RL_21-465-_-y05-7-O-2-51,RS_21-465-_-y05-7-O-2,40004408129B
312,tfl_21-465-_-y05-7_b3z8CFQ.xml,40004408129B,RL_21-465-_-y05-7-O-2-52,RS_21-465-_-y05-7-O-2,40004408238A
638,tfl_21-465-_-y05-7_b3z8CFQ.xml,40004408238A,RL_21-465-_-y05-7-O-2-53,RS_21-465-_-y05-7-O-2,40004408128B
396,tfl_21-465-_-y05-7_b3z8CFQ.xml,40004408128B,RL_21-465-_-y05-7-O-2-54,RS_21-465-_-y05-7-O-2,40004408240A
194,tfl_21-465-_-y05-7_b3z8CFQ.xml,40004408240A,RL_21-465-_-y05-7-O-2-55,RS_21-465-_-y05-7-O-2,40004408115B
393,tfl_21-465-_-y05-7_b3z8CFQ.xml,40004408115B,RL_21-465-_-y05-7-O-2-56,RS_21-465-_-y05-7-O-2,40004408114A
402,tfl_21-465-_-y05-7_b3z8CFQ.xml,40004408114A,RL_21-465-_-y05-7-O-2-57,RS_21-465-_-y05-7-O-2,40004408113A
226,tfl_21-465-_-y05-7_b3z8CFQ.xml,40004408113A,RL_21-465-_-y05-7-O-2-58,RS_21-465-_-y05-7-O-2,40004408112A
312,tfl_21-465-_-y05-7_b3z8CFQ.xml,40004408112A,RL_21-465-_-y05-7-O-2-59,RS_21-465-_-y05-7-O-2,40004408111B
312,tfl_21-465-_-y05-7_b3z8CFQ.xml,40004408111B,RL_21-465-_-y05-7-O-2-60,RS_21-465-_-y05-7-O-2,40004408086A
385,tfl_21-465-_-y05-7_b3z8CFQ.xml,40004408086A,RL_21-465-_-y05-7-O-2-61,RS_21-465-_-y05-7-O-2,40004408086B
379,tfl_21-R68-_-y05-58885.xml,40004405136E,RL_21-R68-_-y05-58885-I-1-1,RS_21-R68-_-y05-58885-I-1,490007713E
262,tfl_21-R68-_-y05-58885.xml,490007713E,RL_21-R68-_-y05-58885-I-1-2,RS_21-R68-_-y05-58885-I-1,490007734W
423,tfl_21-R68-_-y05-58885.xml,490007734W,RL_21-R68-_-y05-58885-I-1-3,RS_21-R68-_-y05-58885-I-1,490013570W
506,tfl_21-R68-_-y05-58885.xml,490013570W,RL_21-R68-_-y05-58885-I-1-4,RS_21-R68-_-y05-58885-I-1,490007125W
344,tfl_21-R68-_-y05-58885.xml,490007125W,RL_21-R68-_-y05-58885-I-1-5,RS_21-R68-_-y05-58885-I-1,490007725N
238,tfl_21-R68-_-y05-58885.xml,490007725N,RL_21-R68-_-y05-58885-I-1-6,RS_21-R68-_-y05-58885-I-1,490010757N
287,tfl_21-R68-_-y05-58885.xml,490010757N,RL_21-R68-_-y05-58885-I-1-7,RS_21-R68-_-y05-58885-I-1,490007736N
501,tfl_21-R68-_-y05-58885.xml,490007736N,RL_21-R68-_-y05-58885-I-1-8,RS_21-R68-_-y05-58885-I-1,490013975N
256,tfl_21-R68-_-y05-58885.xml,490013975N,RL_21-R68-_-y05-58885-I-1-9,RS_21-R68-_-y05-58885-I-1,490007733N
107,tfl_21-R68-_-y05-58885.xml,490007733N,RL_21-R68-_-y05-58885-I-1-10,RS_21-R68-_-y05-58885-I-1,490007732N
314,tfl_21-R68-_-y05-58885.xml,490007732N,RL_21-R68-_-y05-58885-I-1-11,RS_21-R68-_-y05-58885-I-1,490010806N
339,tfl_21-R68-_-y05-58885.xml,490010806N,RL_21-R68-_-y05-58885-I-1-12,RS_21-R68-_-y05-58885-I-1,490008814E
209,tfl_21-R68-_-y05-58885.xml,490008814E,RL_21-R68-_-y05-58885-I-1-13,RS_21-R68-_-y05-58885-I-1,490010685E
188,tfl_21-R68-_-y05-58885.xml,490010685E,RL_21-R68-_-y05-58885-I-1-14,RS_21-R68-_-y05-58885-I-1,490010157E
353,tfl_21-R68-_-y05-58885.xml,490010157E,RL_21-R68-_-y05-58885-I-1-15,RS_21-R68-_-y05-58885-I-1,490013175E
289,tfl_21-R68-_-y05-58885.xml,490013175E,RL_21-R68-_-y05-58885-I-1-16,RS_21-R68-_-y05-58885-I-1,490004377E
281,tfl_21-R68-_-y05-58885.xml,490004377E,RL_21-R68-_-y05-58885-I-1-17,RS_21-R68-_-y05-58885-I-1,490013172C
399,tfl_21-R68-_-y05-58885.xml,490013172C,RL_21-R68-_-y05-58885-I-1-18,RS_21-R68-_-y05-58885-I-1,490004709E
238,tfl_21-R68-_-y05-58885.xml,490004709E,RL_21-R68-_-y05-58885-I-1-19,RS_21-R68-_-y05-58885-I-1,490013174E
449,tfl_21-R68-_-y05-58885.xml,490013174E,RL_21-R68-_-y05-58885-I-1-20,RS_21-R68-_-y05-58885-I-1,490009577N
177,tfl_21-R68-_-y05-58885.xml,490009577N,RL_21-R68-_-y05-58885-I-1-21,RS_21-R68-_-y05-58885-I-1,490007558N
460,tfl_21-R68-_-y05-58885.xml,490007558N,RL_21-R68-_-y05-58885-I-1-22,RS_21-R68-_-y05-58885-I-1,490009527SV
138,tfl_21-R68-_-y05-58885.xml,490009527SV,RL_21-R68-_-y05-58885-I-1-23,RS_21-R68-_-y05-58885-I-1,490009848N
401,tfl_21-R68-_-y05-58885.xml,490009848N,RL_21-R68-_-y05-58885-I-1-24,RS_21-R68-_-y05-58885-I-1,490011104N
425,tfl_21-R68-_-y05-58885.xml,490011104N,RL_21-R68-_-y05-58885-I-1-25,RS_21-R68-_-y05-58885-I-1,490011148R
395,tfl_21-R68-_-y05-58885.xml,490011148R,RL_21-R68-_-y05-58885-I-1-26,RS_21-R68-_-y05-58885-I-1,490015022H
320,tfl_21-R68-_-y05-58885.xml,490015022H,RL_21-R68-_-y05-58885-I-1-27,RS_21-R68-_-y05-58885-I-1,490009053E
199,tfl_21-R68-_-y05-58885.xml,490009053E,RL_21-R68-_-y05-58885-I-1-28,RS_21-R68-_-y05-58885-I-1,490005841R
396,tfl_21-R68-_-y05-58885.xml,490005841R,RL_21-R68-_-y05-58885-I-1-29,RS_21-R68-_-y05-58885-I-1,490005841U
313,tfl_21-R68-_-y05-58885.xml,490005841U,RL_21-R68-_-y05-58885-I-1-30,RS_21-R68-_-y05-58885-I-1,490012460N
399,tfl_21-R68-_-y05-58885.xml,490012460N,RL_21-R68-_-y05-58885-I-1-31,RS_21-R68-_-y05-58885-I-1,490005755E
727,tfl_21-R68-_-y05-58885.xml,490005755E,RL_21-R68-_-y05-58885-I-1-32,RS_21-R68-_-y05-58885-I-1,490007166B
316,tfl_21-R68-_-y05-58885.xml,490007166B,RL_21-R68-_-y05-58885-I-1-33,RS_21-R68-_-y05-58885-I-1,490013511C
541,tfl_21-R68-_-y05-58885.xml,490013511C,RL_21-R68-_-y05-58885-I-1-34,RS_21-R68-_-y05-58885-I-1,490011557E
200,tfl_21-R68-_-y05-58885.xml,490011557E,RL_21-R68-_-y05-58885-I-1-35,RS_21-R68-_-y05-58885-I-1,490012048E
317,tfl_21-R68-_-y05-58885.xml,490012048E,RL_21-R68-_-y05-58885-I-1-36,RS_21-R68-_-y05-58885-I-1,490009547SA
223,tfl_21-R68-_-y05-58885.xml,490009547SA,RL_21-R68-_-y05-58885-I-1-37,RS_21-R68-_-y05-58885-I-1,490015035SL
330,tfl_21-R68-_-y05-58885.xml,490015035SL,RL_21-R68-_-y05-58885-I-1-38,RS_21-R68-_-y05-58885-I-1,490009670E
256,tfl_21-R68-_-y05-58885.xml,490009670E,RL_21-R68-_-y05-58885-I-1-39,RS_21-R68-_-y05-58885-I-1,490010049N
212,tfl_21-R68-_-y05-58885.xml,490010049N,RL_21-R68-_-y05-58885-I-1-40,RS_21-R68-_-y05-58885-I-1,490016329N
669,tfl_21-R68-_-y05-58885.xml,490016329N,RL_21-R68-_-y05-58885-I-1-41,RS_21-R68-_-y05-58885-I-1,490016328W
60,tfl_21-R68-_-y05-58885.xml,490016328W,RL_21-R68-_-y05-58885-I-1-42,RS_21-R68-_-y05-58885-I-1,490018678W
184,tfl_21-R68-_-y05-58885.xml,490018678W,RL_21-R68-_-y05-58885-I-1-43,RS_21-R68-_-y05-58885-I-1,490016327N
403,tfl_21-R68-_-y05-58885.xml,490016327N,RL_21-R68-_-y05-58885-I-1-44,RS_21-R68-_-y05-58885-I-1,490016326S
384,tfl_21-R68-_-y05-58885.xml,490016326S,RL_21-R68-_-y05-58885-O-2-1,RS_21-R68-_-y05-58885-O-2,490016327S
240,tfl_21-R68-_-y05-58885.xml,490016327S,RL_21-R68-_-y05-58885-O-2-2,RS_21-R68-_-y05-58885-O-2,490018678E
198,tfl_21-R68-_-y05-58885.xml,490018678E,RL_21-R68-_-y05-58885-O-2-3,RS_21-R68-_-y05-58885-O-2,490016328S
494,tfl_21-R68-_-y05-58885.xml,490016328S,RL_21-R68-_-y05-58885-O-2-4,RS_21-R68-_-y05-58885-O-2,490016329S
177,tfl_21-R68-_-y05-58885.xml,490016329S,RL_21-R68-_-y05-58885-O-2-5,RS_21-R68-_-y05-58885-O-2,490010049W
383,tfl_21-R68-_-y05-58885.xml,490010049W,RL_21-R68-_-y05-58885-O-2-6,RS_21-R68-_-y05-58885-O-2,490009561W
479,tfl_21-R68-_-y05-58885.xml,490009561W,RL_21-R68-_-y05-58885-O-2-7,RS_21-R68-_-y05-58885-O-2,490009547SB
202,tfl_21-R68-_-y05-58885.xml,490009547SB,RL_21-R68-_-y05-58885-O-2-8,RS_21-R68-_-y05-58885-O-2,490012048SK
360,tfl_21-R68-_-y05-58885.xml,490012048SK,RL_21-R68-_-y05-58885-O-2-9,RS_21-R68-_-y05-58885-O-2,490011557W
382,tfl_21-R68-_-y05-58885.xml,490011557W,RL_21-R68-_-y05-58885-O-2-10,RS_21-R68-_-y05-58885-O-2,490000192S
155,tfl_21-R68-_-y05-58885.xml,490000192S,RL_21-R68-_-y05-58885-O-2-11,RS_21-R68-_-y05-58885-O-2,490013511F
498,tfl_21-R68-_-y05-58885.xml,490013511F,RL_21-R68-_-y05-58885-O-2-12,RS_21-R68-_-y05-58885-O-2,490011556J
657,tfl_21-R68-_-y05-58885.xml,490011556J,RL_21-R68-_-y05-58885-O-2-13,RS_21-R68-_-y05-58885-O-2,490005755W
211,tfl_21-R68-_-y05-58885.xml,490005755W,RL_21-R68-_-y05-58885-O-2-14,RS_21-R68-_-y05-58885-O-2,490004705W
278,tfl_21-R68-_-y05-58885.xml,490004705W,RL_21-R68-_-y05-58885-O-2-15,RS_21-R68-_-y05-58885-O-2,490012460S
312,tfl_21-R68-_-y05-58885.xml,490012460S,RL_21-R68-_-y05-58885-O-2-16,RS_21-R68-_-y05-58885-O-2,490005841T
279,tfl_21-R68-_-y05-58885.xml,490005841T,RL_21-R68-_-y05-58885-O-2-17,RS_21-R68-_-y05-58885-O-2,490018556E
320,tfl_21-R68-_-y05-58885.xml,490018556E,RL_21-R68-_-y05-58885-O-2-18,RS_21-R68-_-y05-58885-O-2,490009053W
332,tfl_21-R68-_-y05-58885.xml,490009053W,RL_21-R68-_-y05-58885-O-2-19,RS_21-R68-_-y05-58885-O-2,490015022W
278,tfl_21-R68-_-y05-58885.xml,490015022W,RL_21-R68-_-y05-58885-O-2-20,RS_21-R68-_-y05-58885-O-2,490001148Z
358,tfl_21-R68-_-y05-58885.xml,490001148Z,RL_21-R68-_-y05-58885-O-2-21,RS_21-R68-_-y05-58885-O-2,490011104S
378,tfl_21-R68-_-y05-58885.xml,490011104S,RL_21-R68-_-y05-58885-O-2-22,RS_21-R68-_-y05-58885-O-2,490009848S
259,tfl_21-R68-_-y05-58885.xml,490009848S,RL_21-R68-_-y05-58885-O-2-23,RS_21-R68-_-y05-58885-O-2,490009527ST
561,tfl_21-R68-_-y05-58885.xml,490009527ST,RL_21-R68-_-y05-58885-O-2-24,RS_21-R68-_-y05-58885-O-2,490007558S
90,tfl_21-R68-_-y05-58885.xml,490007558S,RL_21-R68-_-y05-58885-O-2-25,RS_21-R68-_-y05-58885-O-2,490009577S
482,tfl_21-R68-_-y05-58885.xml,490009577S,RL_21-R68-_-y05-58885-O-2-26,RS_21-R68-_-y05-58885-O-2,490012507W
297,tfl_21-R68-_-y05-58885.xml,490012507W,RL_21-R68-_-y05-58885-O-2-27,RS_21-R68-_-y05-58885-O-2,490004709W
231,tfl_21-R68-_-y05-58885.xml,490004709W,RL_21-R68-_-y05-58885-O-2-28,RS_21-R68-_-y05-58885-O-2,490013172D
381,tfl_21-R68-_-y05-58885.xml,490013172D,RL_21-R68-_-y05-58885-O-2-29,RS_21-R68-_-y05-58885-O-2,490004377F
272,tfl_21-R68-_-y05-58885.xml,490004377F,RL_21-R68-_-y05-58885-O-2-30,RS_21-R68-_-y05-58885-O-2,490013175W
263,tfl_21-R68-_-y05-58885.xml,490013175W,RL_21-R68-_-y05-58885-O-2-31,RS_21-R68-_-y05-58885-O-2,490010157W
421,tfl_21-R68-_-y05-58885.xml,490010157W,RL_21-R68-_-y05-58885-O-2-32,RS_21-R68-_-y05-58885-O-2,490010685W
393,tfl_21-R68-_-y05-58885.xml,490010685W,RL_21-R68-_-y05-58885-O-2-33,RS_21-R68-_-y05-58885-O-2,490010806S
230,tfl_21-R68-_-y05-58885.xml,490010806S,RL_21-R68-_-y05-58885-O-2-34,RS_21-R68-_-y05-58885-O-2,490007732S
276,tfl_21-R68-_-y05-58885.xml,490007732S,RL_21-R68-_-y05-58885-O-2-35,RS_21-R68-_-y05-58885-O-2,490007733S
380,tfl_21-R68-_-y05-58885.xml,490007733S,RL_21-R68-_-y05-58885-O-2-36,RS_21-R68-_-y05-58885-O-2,490013975S
419,tfl_21-R68-_-y05-58885.xml,490013975S,RL_21-R68-_-y05-58885-O-2-37,RS_21-R68-_-y05-58885-O-2,490007736S
256,tfl_21-R68-_-y05-58885.xml,490007736S,RL_21-R68-_-y05-58885-O-2-38,RS_21-R68-_-y05-58885-O-2,490010757S
203,tfl_21-R68-_-y05-58885.xml,490010757S,RL_21-R68-_-y05-58885-O-2-39,RS_21-R68-_-y05-58885-O-2,490007725S
248,tfl_21-R68-_-y05-58885.xml,490007725S,RL_21-R68-_-y05-58885-O-2-40,RS_21-R68-_-y05-58885-O-2,490007125E
305,tfl_21-R68-_-y05-58885.xml,490007125E,RL_21-R68-_-y05-58885-O-2-41,RS_21-R68-_-y05-58885-O-2,490012423E
413,tfl_21-R68-_-y05-58885.xml,490012423E,RL_21-R68-_-y05-58885-O-2-42,RS_21-R68-_-y05-58885-O-2,490013570E
389,tfl_21-R68-_-y05-58885.xml,490013570E,RL_21-R68-_-y05-58885-O-2-43,RS_21-R68-_-y05-58885-O-2,490007734E
219,tfl_21-R68-_-y05-58885.xml,490007734E,RL_21-R68-_-y05-58885-O-2-44,RS_21-R68-_-y05-58885-O-2,490007713D
208,tfl_21-R68-_-y05-58885.xml,490007713D,RL_21-R68-_-y05-58885-O-2-45,RS_21-R68-_-y05-58885-O-2,490007729F
302,tfl_21-R68-_-y05-58885.xml,490007729F,RL_21-R68-_-y05-58885-O-2-46,RS_21-R68-_-y05-58885-O-2,40004405136E
379,tfl_21-R68-_-y05-58885_glMYlIz.xml,40004405136E,RL_21-R68-_-y05-58885-I-1-1,RS_21-R68-_-y05-58885-I-1,490007713E
262,tfl_21-R68-_-y05-58885_glMYlIz.xml,490007713E,RL_21-R68-_-y05-58885-I-1-2,RS_21-R68-_-y05-58885-I-1,490007734W
423,tfl_21-R68-_-y05-58885_glMYlIz.xml,490007734W,RL_21-R68-_-y05-58885-I-1-3,RS_21-R68-_-y05-58885-I-1,490013570W
506,tfl_21-R68-_-y05-58885_glMYlIz.xml,490013570W,RL_21-R68-_-y05-58885-I-1-4,RS_21-R68-_-y05-58885-I-1,490007125W
344,tfl_21-R68-_-y05-58885_glMYlIz.xml,490007125W,RL_21-R68-_-y05-58885-I-1-5,RS_21-R68-_-y05-58885-I-1,490007725N
238,tfl_21-R68-_-y05-58885_glMYlIz.xml,490007725N,RL_21-R68-_-y05-58885-I-1-6,RS_21-R68-_-y05-58885-I-1,490010757N
287,tfl_21-R68-_-y05-58885_glMYlIz.xml,490010757N,RL_21-R68-_-y05-58885-I-1-7,RS_21-R68-_-y05-58885-I-1,490007736N
501,tfl_21-R68-_-y05-58885_glMYlIz.xml,490007736N,RL_21-R68-_-y05-58885-I-1-8,RS_21-R68-_-y05-58885-I-1,490013975N
256,tfl_21-R68-_-y05-58885_glMYlIz.xml,490013975N,RL_21-R68-_-y05-58885-I-1-9,RS_21-R68-_-y05-58885-I-1,490007733N
107,tfl_21-R68-_-y05-58885_glMYlIz.xml,490007733N,RL_21-R68-_-y05-58885-I-1-10,RS_21-R68-_-y05-58885-I-1,490007732N
314,tfl_21-R68-_-y05-58885_glMYlIz.xml,490007732N,RL_21-R68-_-y05-58885-I-1-11,RS_21-R68-_-y05-58885-I-1,490010806N
339,tfl_21-R68-_-y05-58885_glMYlIz.xml,490010806N,RL_21-R68-_-y05-58885-I-1-12,RS_21-R68-_-y05-58885-I-1,490008814E
209,tfl_21-R68-_-y05-58885_glMYlIz.xml,490008814E,RL_21-R68-_-y05-58885-I-1-13,RS_21-R68-_-y05-58885-I-1,490010685E
188,tfl_21-R68-_-y05-58885_glMYlIz.xml,490010685E,RL_21-R68-_-y05-58885-I-1-14,RS_21-R68-_-y05-58885-I-1,490010157E
353,tfl_21-R68-_-y05-58885_glMYlIz.xml,490010157E,RL_21-R68-_-y05-58885-I-1-15,RS_21-R68-_-y05-58885-I-1,490013175E
289,tfl_21-R68-_-y05-58885_glMYlIz.xml,490013175E,RL_21-R68-_-y05-58885-I-1-16,RS_21-R68-_-y05-58885-I-1,490004377E
281,tfl_21-R68-_-y05-58885_glMYlIz.xml,490004377E,RL_21-R68-_-y05-58885-I-1-17,RS_21-R68-_-y05-58885-I-1,490013172C
399,tfl_21-R68-_-y05-58885_glMYlIz.xml,490013172C,RL_21-R68-_-y05-58885-I-1-18,RS_21-R68-_-y05-58885-I-1,490004709E
238,tfl_21-R68-_-y05-58885_glMYlIz.xml,490004709E,RL_21-R68-_-y05-58885-I-1-19,RS_21-R68-_-y05-58885-I-1,490013174E
449,tfl_21-R68-_-y05-58885_glMYlIz.xml,490013174E,RL_21-R68-_-y05-58885-I-1-20,RS_21-R68-_-y05-58885-I-1,490009577N
177,tfl_21-R68-_-y05-58885_glMYlIz.xml,490009577N,RL_21-R68-_-y05-58885-I-1-21,RS_21-R68-_-y05-58885-I-1,490007558N
460,tfl_21-R68-_-y05-58885_glMYlIz.xml,490007558N,RL_21-R68-_-y05-58885-I-1-22,RS_21-R68-_-y05-58885-I-1,490009527SV
138,tfl_21-R68-_-y05-58885_glMYlIz.xml,490009527SV,RL_21-R68-_-y05-58885-I-1-23,RS_21-R68-_-y05-58885-I-1,490009848N
401,tfl_21-R68-_-y05-58885_glMYlIz.xml,490009848N,RL_21-R68-_-y05-58885-I-1-24,RS_21-R68-_-y05-58885-I-1,490011104N
425,tfl_21-R68-_-y05-58885_glMYlIz.xml,490011104N,RL_21-R68-_-y05-58885-I-1-25,RS_21-R68-_-y05-58885-I-1,490011148R
395,tfl_21-R68-_-y05-58885_glMYlIz.xml,490011148R,RL_21-R68-_-y05-58885-I-1-26,RS_21-R68-_-y05-58885-I-1,490015022H
320,tfl_21-R68-_-y05-58885_glMYlIz.xml,490015022H,RL_21-R68-_-y05-58885-I-1-27,RS_21-R68-_-y05-58885-I-1,490009053E
199,tfl_21-R68-_-y05-58885_glMYlIz.xml,490009053E,RL_21-R68-_-y05-58885-I-1-28,RS_21-R68-_-y05-58885-I-1,490005841R
396,tfl_21-R68-_-y05-58885_glMYlIz.xml,490005841R,RL_21-R68-_-y05-58885-I-1-29,RS_21-R68-_-y05-58885-I-1,490005841U
313,tfl_21-R68-_-y05-58885_glMYlIz.xml,490005841U,RL_21-R68-_-y05-58885-I-1-30,RS_21-R68-_-y05-58885-I-1,490012460N
399,tfl_21-R68-_-y05-58885_glMYlIz.xml,490012460N,RL_21-R68-_-y05-58885-I-1-31,RS_21-R68-_-y05-58885-I-1,490005755E
727,tfl_21-R68-_-y05-58885_glMYlIz.xml,490005755E,RL_21-R68-_-y05-58885-I-1-32,RS_21-R68-_-y05-58885-I-1,490007166B
316,tfl_21-R68-_-y05-58885_glMYlIz.xml,490007166B,RL_21-R68-_-y05-58885-I-1-33,RS_21-R68-_-y05-58885-I-1,490013511C
541,tfl_21-R68-_-y05-58885_glMYlIz.xml,490013511C,RL_21-R68-_-y05-58885-I-1-34,RS_21-R68-_-y05-58885-I-1,490011557E
200,tfl_21-R68-_-y05-58885_glMYlIz.xml,490011557E,RL_21-R68-_-y05-58885-I-1-35,RS_21-R68-_-y05-58885-I-1,490012048E
317,tfl_21-R68-_-y05-58885_glMYlIz.xml,490012048E,RL_21-R68-_-y05-58885-I-1-36,RS_21-R68-_-y05-58885-I-1,490009547SA
223,tfl_21-R68-_-y05-58885_glMYlIz.xml,490009547SA,RL_21-R68-_-y05-58885-I-1-37,RS_21-R68-_-y05-58885-I-1,490015035SL
330,tfl_21-R68-_-y05-58885_glMYlIz.xml,490015035SL,RL_21-R68-_-y05-58885-I-1-38,RS_21-R68-_-y05-58885-I-1,490009670E
256,tfl_21-R68-_-y05-58885_glMYlIz.xml,490009670E,RL_21-R68-_-y05-58885-I-1-39,RS_21-R68-_-y05-58885-I-1,490010049N
212,tfl_21-R68-_-y05-58885_glMYlIz.xml,490010049N,RL_21-R68-_-y05-58885-I-1-40,RS_21-R68-_-y05-58885-I-1,490016329N
669,tfl_21-R68-_-y05-58885_glMYlIz.xml,490016329N,RL_21-R68-_-y05-58885-I-1-41,RS_21-R68-_-y05-58885-I-1,490016328W
60,tfl_21-R68-_-y05-58885_glMYlIz.xml,490016328W,RL_21-R68-_-y05-58885-I-1-42,RS_21-R68-_-y05-58885-I-1,490018678W
184,tfl_21-R68-_-y05-58885_glMYlIz.xml,490018678W,RL_21-R68-_-y05-58885-I-1-43,RS_21-R68-_-y05-58885-I-1,490016327N
403,tfl_21-R68-_-y05-58885_glMYlIz.xml,490016327N,RL_21-R68-_-y05-58885-I-1-44,RS_21-R68-_-y05-58885-I-1,490016326S
384,tfl_21-R68-_-y05-58885_glMYlIz.xml,490016326S,RL_21-R68-_-y05-58885-O-2-1,RS_21-R68-_-y05-58885-O-2,490016327S
240,tfl_21-R68-_-y05-58885_glMYlIz.xml,490016327S,RL_21-R68-_-y05-58885-O-2-2,RS_21-R68-_-y05-58885-O-2,490018678E
198,tfl_21-R68-_-y05-58885_glMYlIz.xml,490018678E,RL_21-R68-_-y05-58885-O-2-3,RS_21-R68-_-y05-58885-O-2,490016328S
494,tfl_21-R68-_-y05-58885_glMYlIz.xml,490016328S,RL_21-R68-_-y05-58885-O-2-4,RS_21-R68-_-y05-58885-O-2,490016329S
177,tfl_21-R68-_-y05-58885_glMYlIz.xml,490016329S,RL_21-R68-_-y05-58885-O-2-5,RS_21-R68-_-y05-58885-O-2,490010049W
383,tfl_21-R68-_-y05-58885_glMYlIz.xml,490010049W,RL_21-R68-_-y05-58885-O-2-6,RS_21-R68-_-y05-58885-O-2,490009561W
479,tfl_21-R68-_-y05-58885_glMYlIz.xml,490009561W,RL_21-R68-_-y05-58885-O-2-7,RS_21-R68-_-y05-58885-O-2,490009547SB
202,tfl_21-R68-_-y05-58885_glMYlIz.xml,490009547SB,RL_21-R68-_-y05-58885-O-2-8,RS_21-R68-_-y05-58885-O-2,490012048SK
360,tfl_21-R68-_-y05-58885_glMYlIz.xml,490012048SK,RL_21-R68-_-y05-58885-O-2-9,RS_21-R68-_-y05-58885-O-2,490011557W
382,tfl_21-R68-_-y05-58885_glMYlIz.xml,490011557W,RL_21-R68-_-y05-58885-O-2-10,RS_21-R68-_-y05-58885-O-2,490000192S
155,tfl_21-R68-_-y05-58885_glMYlIz.xml,490000192S,RL_21-R68-_-y05-58885-O-2-11,RS_21-R68-_-y05-58885-O-2,490013511F
498,tfl_21-R68-_-y05-58885_glMYlIz.xml,490013511F,RL_21-R68-_-y05-58885-O-2-12,RS_21-R68-_-y05-58885-O-2,490011556J
657,tfl_21-R68-_-y05-58885_glMYlIz.xml,490011556J,RL_21-R68-_-y05-58885-O-2-13,RS_21-R68-_-y05-58885-O-2,490005755W
211,tfl_21-R68-_-y05-58885_glMYlIz.xml,490005755W,RL_21-R68-_-y05-58885-O-2-14,RS_21-R68-_-y05-58885-O-2,490004705W
278,tfl_21-R68-_-y05-58885_glMYlIz.xml,490004705W,RL_21-R68-_-y05-58885-O-2-15,RS_21-R68-_-y05-58885-O-2,490012460S
312,tfl_21-R68-_-y05-58885_glMYlIz.xml,490012460S,RL_21-R68-_-y05-58885-O-2-16,RS_21-R68-_-y05-58885-O-2,490005841T
279,tfl_21-R68-_-y05-58885_glMYlIz.xml,490005841T,RL_21-R68-_-y05-58885-O-2-17,RS_21-R68-_-y05-58885-O-2,490018556E
320,tfl_21-R68-_-y05-58885_glMYlIz.xml,490018556E,RL_21-R68-_-y05-58885-O-2-18,RS_21-R68-_-y05-58885-O-2,490009053W
332,tfl_21-R68-_-y05-58885_glMYlIz.xml,490009053W,RL_21-R68-_-y05-58885-O-2-19,RS_21-R68-_-y05-58885-O-2,490015022W
278,tfl_21-R68-_-y05-58885_glMYlIz.xml,490015022W,RL_21-R68-_-y05-58885-O-2-20,RS_21-R68-_-y05-58885-O-2,490001148Z
358,tfl_21-R68-_-y05-58885_glMYlIz.xml,490001148Z,RL_21-R68-_-y05-58885-O-2-21,RS_21-R68-_-y05-58885-O-2,490011104S
378,tfl_21-R68-_-y05-58885_glMYlIz.xml,490011104S,RL_21-R68-_-y05-58885-O-2-22,RS_21-R68-_-y05-58885-O-2,490009848S
259,tfl_21-R68-_-y05-58885_glMYlIz.xml,490009848S,RL_21-R68-_-y05-58885-O-2-23,RS_21-R68-_-y05-58885-O-2,490009527ST
561,tfl_21-R68-_-y05-58885_glMYlIz.xml,490009527ST,RL_21-R68-_-y05-58885-O-2-24,RS_21-R68-_-y05-58885-O-2,490007558S
90,tfl_21-R68-_-y05-58885_glMYlIz.xml,490007558S,RL_21-R68-_-y05-58885-O-2-25,RS_21-R68-_-y05-58885-O-2,490009577S
482,tfl_21-R68-_-y05-58885_glMYlIz.xml,490009577S,RL_21-R68-_-y05-58885-O-2-26,RS_21-R68-_-y05-58885-O-2,490012507W
297,tfl_21-R68-_-y05-58885_glMYlIz.xml,490012507W,RL_21-R68-_-y05-58885-O-2-27,RS_21-R68-_-y05-58885-O-2,490004709W
231,tfl_21-R68-_-y05-58885_glMYlIz.xml,490004709W,RL_21-R68-_-y05-58885-O-2-28,RS_21-R68-_-y05-58885-O-2,490013172D
381,tfl_21-R68-_-y05-58885_glMYlIz.xml,490013172D,RL_21-R68-_-y05-58885-O-2-29,RS_21-R68-_-y05-58885-O-2,490004377F
272,tfl_21-R68-_-y05-58885_glMYlIz.xml,490004377F,RL_21-R68-_-y05-58885-O-2-30,RS_21-R68-_-y05-58885-O-2,490013175W
263,tfl_21-R68-_-y05-58885_glMYlIz.xml,490013175W,RL_21-R68-_-y05-58885-O-2-31,RS_21-R68-_-y05-58885-O-2,490010157W
421,tfl_21-R68-_-y05-58885_glMYlIz.xml,490010157W,RL_21-R68-_-y05-58885-O-2-32,RS_21-R68-_-y05-58885-O-2,490010685W
393,tfl_21-R68-_-y05-58885_glMYlIz.xml,490010685W,RL_21-R68-_-y05-58885-O-2-33,RS_21-R68-_-y05-58885-O-2,490010806S
230,tfl_21-R68-_-y05-58885_glMYlIz.xml,490010806S,RL_21-R68-_-y05-58885-O-2-34,RS_21-R68-_-y05-58885-O-2,490007732S
276,tfl_21-R68-_-y05-58885_glMYlIz.xml,490007732S,RL_21-R68-_-y05-58885-O-2-35,RS_21-R68-_-y05-58885-O-2,490007733S
380,tfl_21-R68-_-y05-58885_glMYlIz.xml,490007733S,RL_21-R68-_-y05-58885-O-2-36,RS_21-R68-_-y05-58885-O-2,490013975S
419,tfl_21-R68-_-y05-58885_glMYlIz.xml,490013975S,RL_21-R68-_-y05-58885-O-2-37,RS_21-R68-_-y05-58885-O-2,490007736S
256,tfl_21-R68-_-y05-58885_glMYlIz.xml,490007736S,RL_21-R68-_-y05-58885-O-2-38,RS_21-R68-_-y05-58885-O-2,490010757S
203,tfl_21-R68-_-y05-58885_glMYlIz.xml,490010757S,RL_21-R68-_-y05-58885-O-2-39,RS_21-R68-_-y05-58885-O-2,490007725S
248,tfl_21-R68-_-y05-58885_glMYlIz.xml,490007725S,RL_21-R68-_-y05-58885-O-2-40,RS_21-R68-_-y05-58885-O-2,490007125E
305,tfl_21-R68-_-y05-58885_glMYlIz.xml,490007125E,RL_21-R68-_-y05-58885-O-2-41,RS_21-R68-_-y05-58885-O-2,490012423E
413,tfl_21-R68-_-y05-58885_glMYlIz.xml,490012423E,RL_21-R68-_-y05-58885-O-2-42,RS_21-R68-_-y05-58885-O-2,490013570E
389,tfl_21-R68-_-y05-58885_glMYlIz.xml,490013570E,RL_21-R68-_-y05-58885-O-2-43,RS_21-R68-_-y05-58885-O-2,490007734E
219,tfl_21-R68-_-y05-58885_glMYlIz.xml,490007734E,RL_21-R68-_-y05-58885-O-2-44,RS_21-R68-_-y05-58885-O-2,490007713D
208,tfl_21-R68-_-y05-58885_glMYlIz.xml,490007713D,RL_21-R68-_-y05-58885-O-2-45,RS_21-R68-_-y05-58885-O-2,490007729F
302,tfl_21-R68-_-y05-58885_glMYlIz.xml,490007729F,RL_21-R68-_-y05-58885-O-2-46,RS_21-R68-_-y05-58885-O-2,40004405136E
335,tfl_21-S1-_-y05-59996.xml,490020189N,RL_21-S1-_-y05-59996-I-1-1,RS_21-S1-_-y05-59996-I-1,490020190N
511,tfl_21-S1-_-y05-59996.xml,490020190N,RL_21-S1-_-y05-59996-I-1-2,RS_21-S1-_-y05-59996-I-1,490009286S
368,tfl_21-S1-_-y05-59996.xml,490009286S,RL_21-S1-_-y05-59996-I-1-3,RS_21-S1-_-y05-59996-I-1,490013565S2
505,tfl_21-S1-_-y05-59996.xml,490013565S2,RL_21-S1-_-y05-59996-I-1-4,RS_21-S1-_-y05-59996-I-1,490006164B
222,tfl_21-S1-_-y05-59996.xml,490006164B,RL_21-S1-_-y05-59996-I-1-5,RS_21-S1-_-y05-59996-I-1,490009949Y
293,tfl_21-S1-_-y05-59996.xml,490009949Y,RL_21-S1-_-y05-59996-I-1-6,RS_21-S1-_-y05-59996-I-1,490007213M
412,tfl_21-S1-_-y05-59996.xml,490007213M,RL_21-S1-_-y05-59996-I-1-7,RS_21-S1-_-y05-59996-I-1,490009944V
200,tfl_21-S1-_-y05-59996.xml,490009944V,RL_21-S1-_-y05-59996-I-1-8,RS_21-S1-_-y05-59996-I-1,490009952S
254,tfl_21-S1-_-y05-59996.xml,490009952S,RL_21-S1-_-y05-59996-I-1-9,RS_21-S1-_-y05-59996-I-1,490014723E
337,tfl_21-S1-_-y05-59996.xml,490014723E,RL_21-S1-_-y05-59996-I-1-10,RS_21-S1-_-y05-59996-I-1,490004824E
293,tfl_21-S1-_-y05-59996.xml,490004824E,RL_21-S1-_-y05-59996-I-1-11,RS_21-S1-_-y05-59996-I-1,490001194A
484,tfl_21-S1-_-y05-59996.xml,490001194A,RL_21-S1-_-y05-59996-I-1-12,RS_21-S1-_-y05-59996-I-1,490013377S
208,tfl_21-S1-_-y05-59996.xml,490013377S,RL_21-S1-_-y05-59996-I-1-13,RS_21-S1-_-y05-59996-I-1,490009898S
98,tfl_21-S1-_-y05-59996.xml,490009898S,RL_21-S1-_-y05-59996-I-1-14,RS_21-S1-_-y05-59996-I-1,490009898W
1345,tfl_21-S1-_-y05-59996.xml,490009898W,RL_21-S1-_-y05-59996-I-1-15,RS_21-S1-_-y05-59996-I-1,490012719N
619,tfl_21-S1-_-y05-59996.xml,490012719N,RL_21-S1-_-y05-59996-I-1-16,RS_21-S1-_-y05-59996-I-1,490007519S
174,tfl_21-S1-_-y05-59996.xml,490007519S,RL_21-S1-_-y05-59996-I-1-17,RS_21-S1-_-y05-59996-I-1,490009860S2
324,tfl_21-S1-_-y05-59996.xml,490009860S2,RL_21-S1-_-y05-59996-I-1-18,RS_21-S1-_-y05-59996-I-1,490010186S
305,tfl_21-S1-_-y05-59996.xml,490010186S,RL_21-S1-_-y05-59996-I-1-19,RS_21-S1-_-y05-59996-I-1,490015405RJ
258,tfl_21-S1-_-y05-59996.xml,490015405RJ,RL_21-S1-_-y05-59996-I-1-20,RS_21-S1-_-y05-59996-I-1,490015406RK
513,tfl_21-S1-_-y05-59996.xml,490015406RK,RL_21-S1-_-y05-59996-I-1-21,RS_21-S1-_-y05-59996-I-1,490012718HB
334,tfl_21-S1-_-y05-59996.xml,490012718HB,RL_21-S1-_-y05-59996-I-1-22,RS_21-S1-_-y05-59996-I-1,490014339S
343,tfl_21-S1-_-y05-59996.xml,490014339S,RL_21-S1-_-y05-59996-I-1-23,RS_21-S1-_-y05-59996-I-1,490010129S
429,tfl_21-S1-_-y05-59996.xml,490010129S,RL_21-S1-_-y05-59996-I-1-24,RS_21-S1-_-y05-59996-I-1,490011149S
630,tfl_21-S1-_-y05-59996.xml,490011149S,RL_21-S1-_-y05-59996-I-1-25,RS_21-S1-_-y05-59996-I-1,490010624W
561,tfl_21-S1-_-y05-59996.xml,490010624W,RL_21-S1-_-y05-59996-I-1-26,RS_21-S1-_-y05-59996-I-1,490012566W
415,tfl_21-S1-_-y05-59996.xml,490012566W,RL_21-S1-_-y05-59996-I-1-27,RS_21-S1-_-y05-59996-I-1,490013073W
242,tfl_21-S1-_-y05-59996.xml,490013073W,RL_21-S1-_-y05-59996-I-1-28,RS_21-S1-_-y05-59996-I-1,490013072B
219,tfl_21-S1-_-y05-59996.xml,490013072B,RL_21-S1-_-y05-59996-I-1-29,RS_21-S1-_-y05-59996-I-1,490013062C
187,tfl_21-S1-_-y05-59996.xml,490013062C,RL_21-S1-_-y05-59996-I-1-30,RS_21-S1-_-y05-59996-I-1,490003892E
203,tfl_21-S1-_-y05-59996.xml,490003892E,RL_21-S1-_-y05-59996-I-1-31,RS_21-S1-_-y05-59996-I-1,490009575I
206,tfl_21-S1-_-y05-59996.xml,490009575I,RL_21-S1-_-y05-59996-I-1-32,RS_21-S1-_-y05-59996-I-1,490013679J
272,tfl_21-S1-_-y05-59996.xml,490013679J,RL_21-S1-_-y05-59996-I-1-33,RS_21-S1-_-y05-59996-I-1,490013081K
486,tfl_21-S1-_-y05-59996.xml,490013081K,RL_21-S1-_-y05-59996-I-1-34,RS_21-S1-_-y05-59996-I-1,490001286O
318,tfl_21-S1-_-y05-59996.xml,490001286O,RL_21-S1-_-y05-59996-I-1-35,RS_21-S1-_-y05-59996-I-1,490004887S
334,tfl_21-S1-_-y05-59996.xml,490004887S,RL_21-S1-_-y05-59996-I-1-36,RS_21-S1-_-y05-59996-I-1,490007987E
140,tfl_21-S1-_-y05-59996.xml,490007987E,RL_21-S1-_-y05-59996-I-1-37,RS_21-S1-_-y05-59996-I-1,490003293E
1445,tfl_21-S1-_-y05-59996.xml,490003293E,RL_21-S1-_-y05-59996-I-1-38,RS_21-S1-_-y05-59996-I-1,490019635E
136,tfl_21-S1-_-y05-59996.xml,490019635E,RL_21-S1-_-y05-59996-I-1-39,RS_21-S1-_-y05-59996-I-1,490013075J
396,tfl_21-S1-_-y05-59996.xml,490013075J,RL_21-S1-_-y05-59996-I-1-40,RS_21-S1-_-y05-59996-I-1,490006184F
424,tfl_21-S1-_-y05-59996.xml,490006184F,RL_21-S1-_-y05-59996-I-1-41,RS_21-S1-_-y05-59996-I-1,40004409033B
418,tfl_21-S1-_-y05-59996.xml,40004409033B,RL_21-S1-_-y05-59996-I-1-42,RS_21-S1-_-y05-59996-I-1,40004409034B
505,tfl_21-S1-_-y05-59996.xml,40004409034B,RL_21-S1-_-y05-59996-I-1-43,RS_21-S1-_-y05-59996-I-1,40004409035B
527,tfl_21-S1-_-y05-59996.xml,40004409035B,RL_21-S1-_-y05-59996-I-1-44,RS_21-S1-_-y05-59996-I-1,40004409036B
431,tfl_21-S1-_-y05-59996.xml,40004409036B,RL_21-S1-_-y05-59996-I-1-45,RS_21-S1-_-y05-59996-I-1,40004409045B
254,tfl_21-S1-_-y05-59996.xml,40004409045B,RL_21-S1-_-y05-59996-I-1-46,RS_21-S1-_-y05-59996-I-1,40004409046B
289,tfl_21-S1-_-y05-59996.xml,40004409046B,RL_21-S1-_-y05-59996-I-1-47,RS_21-S1-_-y05-59996-I-1,40004409047B
289,tfl_21-S1-_-y05-59996.xml,40004409047A,RL_21-S1-_-y05-59996-O-2-1,RS_21-S1-_-y05-59996-O-2,40004409046A
352,tfl_21-S1-_-y05-59996.xml,40004409046A,RL_21-S1-_-y05-59996-O-2-2,RS_21-S1-_-y05-59996-O-2,40004409045A
379,tfl_21-S1-_-y05-59996.xml,40004409045A,RL_21-S1-_-y05-59996-O-2-3,RS_21-S1-_-y05-59996-O-2,40004409036A
638,tfl_21-S1-_-y05-59996.xml,40004409036A,RL_21-S1-_-y05-59996-O-2-4,RS_21-S1-_-y05-59996-O-2,40004409035A
404,tfl_21-S1-_-y05-59996.xml,40004409035A,RL_21-S1-_-y05-59996-O-2-5,RS_21-S1-_-y05-59996-O-2,40004409034A
428,tfl_21-S1-_-y05-59996.xml,40004409034A,RL_21-S1-_-y05-59996-O-2-6,RS_21-S1-_-y05-59996-O-2,40004409033A
349,tfl_21-S1-_-y05-59996.xml,40004409033A,RL_21-S1-_-y05-59996-O-2-7,RS_21-S1-_-y05-59996-O-2,490006184E
369,tfl_21-S1-_-y05-59996.xml,490006184E,RL_21-S1-_-y05-59996-O-2-8,RS_21-S1-_-y05-59996-O-2,490013075G
1201,tfl_21-S1-_-y05-59996.xml,490013075G,RL_21-S1-_-y05-59996-O-2-9,RS_21-S1-_-y05-59996-O-2,490003293W
428,tfl_21-S1-_-y05-59996.xml,490003293W,RL_21-S1-_-y05-59996-O-2-10,RS_21-S1-_-y05-59996-O-2,490013060N
235,tfl_21-S1-_-y05-59996.xml,490013060N,RL_21-S1-_-y05-59996-O-2-11,RS_21-S1-_-y05-59996-O-2,490013082R
427,tfl_21-S1-_-y05-59996.xml,490013082R,RL_21-S1-_-y05-59996-O-2-12,RS_21-S1-_-y05-59996-O-2,490013064V
403,tfl_21-S1-_-y05-59996.xml,490013064V,RL_21-S1-_-y05-59996-O-2-13,RS_21-S1-_-y05-59996-O-2,490011856W
318,tfl_21-S1-_-y05-59996.xml,490011856W,RL_21-S1-_-y05-59996-O-2-14,RS_21-S1-_-y05-59996-O-2,490005844Y
1281,tfl_21-S1-_-y05-59996.xml,490005844Y,RL_21-S1-_-y05-59996-O-2-15,RS_21-S1-_-y05-59996-O-2,490010724E
524,tfl_21-S1-_-y05-59996.xml,490010724E,RL_21-S1-_-y05-59996-O-2-16,RS_21-S1-_-y05-59996-O-2,490006630E
294,tfl_21-S1-_-y05-59996.xml,490006630E,RL_21-S1-_-y05-59996-O-2-17,RS_21-S1-_-y05-59996-O-2,490011149N
295,tfl_21-S1-_-y05-59996.xml,490011149N,RL_21-S1-_-y05-59996-O-2-18,RS_21-S1-_-y05-59996-O-2,490010129N
395,tfl_21-S1-_-y05-59996.xml,490010129N,RL_21-S1-_-y05-59996-O-2-19,RS_21-S1-_-y05-59996-O-2,490014339N
579,tfl_21-S1-_-y05-59996.xml,490014339N,RL_21-S1-_-y05-59996-O-2-20,RS_21-S1-_-y05-59996-O-2,490012718HA
518,tfl_21-S1-_-y05-59996.xml,490012718HA,RL_21-S1-_-y05-59996-O-2-21,RS_21-S1-_-y05-59996-O-2,490015406RL
327,tfl_21-S1-_-y05-59996.xml,490015406RL,RL_21-S1-_-y05-59996-O-2-22,RS_21-S1-_-y05-59996-O-2,490015405RH
178,tfl_21-S1-_-y05-59996.xml,490015405RH,RL_21-S1-_-y05-59996-O-2-23,RS_21-S1-_-y05-59996-O-2,490010186N
241,tfl_21-S1-_-y05-59996.xml,490010186N,RL_21-S1-_-y05-59996-O-2-24,RS_21-S1-_-y05-59996-O-2,490009860N
773,tfl_21-S1-_-y05-59996.xml,490009860N,RL_21-S1-_-y05-59996-O-2-25,RS_21-S1-_-y05-59996-O-2,490012719S
1108,tfl_21-S1-_-y05-59996.xml,490012719S,RL_21-S1-_-y05-59996-O-2-26,RS_21-S1-_-y05-59996-O-2,490003118E
501,tfl_21-S1-_-y05-59996.xml,490003118E,RL_21-S1-_-y05-59996-O-2-27,RS_21-S1-_-y05-59996-O-2,490013377N
521,tfl_21-S1-_-y05-59996.xml,490013377N,RL_21-S1-_-y05-59996-O-2-28,RS_21-S1-_-y05-59996-O-2,490001194B
244,tfl_21-S1-_-y05-59996.xml,490001194B,RL_21-S1-_-y05-59996-O-2-29,RS_21-S1-_-y05-59996-O-2,490004824W
391,tfl_21-S1-_-y05-59996.xml,490004824W,RL_21-S1-_-y05-59996-O-2-30,RS_21-S1-_-y05-59996-O-2,490014723W
352,tfl_21-S1-_-y05-59996.xml,490014723W,RL_21-S1-_-y05-59996-O-2-31,RS_21-S1-_-y05-59996-O-2,490009952T
628,tfl_21-S1-_-y05-59996.xml,490009952T,RL_21-S1-_-y05-59996-O-2-32,RS_21-S1-_-y05-59996-O-2,490009946P
224,tfl_21-S1-_-y05-59996.xml,490009946P,RL_21-S1-_-y05-59996-O-2-33,RS_21-S1-_-y05-59996-O-2,490007213N1
598,tfl_21-S1-_-y05-59996.xml,490007213N1,RL_21-S1-_-y05-59996-O-2-34,RS_21-S1-_-y05-59996-O-2,490009949Z
121,tfl_21-S1-_-y05-59996.xml,490009949Z,RL_21-S1-_-y05-59996-O-2-35,RS_21-S1-_-y05-59996-O-2,490006164A
303,tfl_21-S1-_-y05-59996.xml,490006164A,RL_21-S1-_-y05-59996-O-2-36,RS_21-S1-_-y05-59996-O-2,490013565N2
499,tfl_21-S1-_-y05-59996.xml,490013565N2,RL_21-S1-_-y05-59996-O-2-37,RS_21-S1-_-y05-59996-O-2,490009286N
503,tfl_21-S1-_-y05-59996.xml,490009286N,RL_21-S1-_-y05-59996-O-2-38,RS_21-S1-_-y05-59996-O-2,490020190S
359,tfl_21-S1-_-y05-59996.xml,490020190S,RL_21-S1-_-y05-59996-O-2-39,RS_21-S1-_-y05-59996-O-2,490020189N
