route_link_id,from_stop,to_stop,distance,source_file
RL1,490002178Z,490002177Z,185,404-21-404-_-y05-2_1.xml
RL2,490002177Z,490002176Z,244,404-21-404-_-y05-2_1.xml
RL3,490002176Z,490002175Z,140,404-21-404-_-y05-2_1.xml
RL4,490002175Z,490002174Z,142,404-21-404-_-y05-2_1.xml
RL5,490002174Z,490002189Z,722,404-21-404-_-y05-2_1.xml
RL6,490002189Z,490001253B,91,404-21-404-_-y05-2_1.xml
RL7,490001253B,490005637C,269,404-21-404-_-y05-2_1.xml
RL8,490005637C,490009202D,241,404-21-404-_-y05-2_1.xml
RL9,490009202D,490001072M,224,404-21-404-_-y05-2_1.xml
RL10,490001072M,490006183H,196,404-21-404-_-y05-2_1.xml
RL11,490006183H,490009684N,180,404-21-404-_-y05-2_1.xml
RL12,490009684N,490010285E,197,404-21-404-_-y05-2_1.xml
RL13,490010285E,490011820E,146,404-21-404-_-y05-2_1.xml
RL14,490011820E,49003176N1,137,404-21-404-_-y05-2_1.xml
RL15,49003176N1,490004116N,174,404-21-404-_-y05-2_1.xml
RL16,490004116N,490005639S,418,404-21-404-_-y05-2_1.xml
RL17,490005639S,490012649W,272,404-21-404-_-y05-2_1.xml
RL18,490012649W,490005641S,288,404-21-404-_-y05-2_1.xml
RL19,490005641S,490013199E,248,404-21-404-_-y05-2_1.xml
RL20,490013199E,490010535S,406,404-21-404-_-y05-2_1.xml
RL21,490010535S,490013317S2,379,404-21-404-_-y05-2_1.xml
RL22,490013317S2,490002184Z,340,404-21-404-_-y05-2_1.xml
RL23,490002184Z,490002180Z,192,404-21-404-_-y05-2_1.xml
RL24,490002180Z,490002179Z,190,404-21-404-_-y05-2_1.xml
RL25,490002179Z,490002181Z,207,404-21-404-_-y05-2_1.xml
RL26,490002181Z,490002182Z,221,404-21-404-_-y05-2_1.xml
RL27,490002182Z,490002183Z,172,404-21-404-_-y05-2_1.xml
RL28,490002183Z,490002185Z,212,404-21-404-_-y05-2_1.xml
RL29,490002185Z,490015542S1,282,404-21-404-_-y05-2_1.xml
RL30,490015542S1,490005649E,217,404-21-404-_-y05-2_1.xml
RL31,490005649E,490008679N,179,404-21-404-_-y05-2_1.xml
RL32,490008679N,490015305W,238,404-21-404-_-y05-2_1.xml
RL33,490015305W,490007931E,136,404-21-404-_-y05-2_1.xml
RL34,490007931E,490014106S1,282,404-21-404-_-y05-2_1.xml
RL35,490014106S1,490004859S,100,404-21-404-_-y05-2_1.xml
RL36,490004859S,490012093S,215,404-21-404-_-y05-2_1.xml
RL37,490012093S,490008324S,219,404-21-404-_-y05-2_1.xml
RL38,490008324S,490014107E,106,404-21-404-_-y05-2_1.xml
RL39,490014107E,490008895W,184,404-21-404-_-y05-2_1.xml
RL40,490008895W,490005638S,543,404-21-404-_-y05-2_1.xml
RL41,490005638S,40004410093B,291,404-21-404-_-y05-2_1.xml
RL42,40004410093B,40004410091B,430,404-21-404-_-y05-2_1.xml
RL43,40004410091B,40004410038A,325,404-21-404-_-y05-2_1.xml
RL44,40004410038A,40004410037A,429,404-21-404-_-y05-2_1.xml
RL45,40004410037A,40004410088B,157,404-21-404-_-y05-2_1.xml
RL46,40004410088B,40004410089B,238,404-21-404-_-y05-2_1.xml
RL47,40004410089B,40004410090A,321,404-21-404-_-y05-2_1.xml
RL48,40004410090A,40004410091A,411,404-21-404-_-y05-2_1.xml
RL49,40004410091A,40004410092A,363,404-21-404-_-y05-2_1.xml
RL50,40004410092A,40004410093A,151,404-21-404-_-y05-2_1.xml
RL51,40004410093A,490005638N,361,404-21-404-_-y05-2_1.xml
RL52,490005638N,490008895N,525,404-21-404-_-y05-2_1.xml
RL53,490008895N,490008495E,97,404-21-404-_-y05-2_1.xml
RL54,490008495E,490014107N,136,404-21-404-_-y05-2_1.xml
RL55,490014107N,490008324N,170,404-21-404-_-y05-2_1.xml
RL56,490008324N,490014106S2,475,404-21-404-_-y05-2_1.xml
RL57,490014106S2,490007931W,153,404-21-404-_-y05-2_1.xml
RL58,490007931W,490015305W1,204,404-21-404-_-y05-2_1.xml
RL59,490015305W1,490008679S,158,404-21-404-_-y05-2_1.xml
RL60,490008679S,490005649W,221,404-21-404-_-y05-2_1.xml
RL61,490005649W,490002184Z,461,404-21-404-_-y05-2_1.xml
RL62,490002184Z,490002180Z,192,404-21-404-_-y05-2_1.xml
RL63,490002180Z,490002179Z,190,404-21-404-_-y05-2_1.xml
RL64,490002179Z,490002181Z,207,404-21-404-_-y05-2_1.xml
RL65,490002181Z,490002182Z,221,404-21-404-_-y05-2_1.xml
RL66,490002182Z,490002183Z,172,404-21-404-_-y05-2_1.xml
RL67,490002183Z,490002185Z,212,404-21-404-_-y05-2_1.xml
RL68,490002185Z,490013317N,380,404-21-404-_-y05-2_1.xml
RL69,490013317N,490010535N,323,404-21-404-_-y05-2_1.xml
RL70,490010535N,490013199W,386,404-21-404-_-y05-2_1.xml
RL71,490013199W,490005641N,281,404-21-404-_-y05-2_1.xml
RL72,490005641N,490012649E,320,404-21-404-_-y05-2_1.xml
RL73,490012649E,490005639N,202,404-21-404-_-y05-2_1.xml
RL74,490005639N,490004667S,456,404-21-404-_-y05-2_1.xml
RL75,490004667S,490004116S,97,404-21-404-_-y05-2_1.xml
RL76,490004116S,490011820W,298,404-21-404-_-y05-2_1.xml
RL77,490011820W,490010285W,185,404-21-404-_-y05-2_1.xml
RL78,490010285W,490009684S,143,404-21-404-_-y05-2_1.xml
RL79,490009684S,490001072P,422,404-21-404-_-y05-2_1.xml
RL80,490001072P,490002189Z,636,404-21-404-_-y05-2_1.xml
RL81,490002189Z,490001253B,91,404-21-404-_-y05-2_1.xml
RL82,490001253B,490005637C,269,404-21-404-_-y05-2_1.xml
RL83,490005637C,490009202D,241,404-21-404-_-y05-2_1.xml
RL84,490009202D,490002174Y,242,404-21-404-_-y05-2_1.xml
RL85,490002174Y,490002175Y,232,404-21-404-_-y05-2_1.xml
RL86,490002175Y,490002176Y,106,404-21-404-_-y05-2_1.xml
RL87,490002176Y,490002177Y,202,404-21-404-_-y05-2_1.xml
RL88,490002177Y,490002178Z,151,404-21-404-_-y05-2_1.xml
RL_21-404-_-y05-6-I-1-1,40004410037A,40004410088B,354,tfl_21-404-_-y05-6_qyPH39c.xml
RL_21-404-_-y05-6-I-1-2,40004410088B,40004410089B,231,tfl_21-404-_-y05-6_qyPH39c.xml
RL_21-404-_-y05-6-I-1-3,40004410089B,40004410090A,427,tfl_21-404-_-y05-6_qyPH39c.xml
RL_21-404-_-y05-6-I-1-4,40004410090A,40004410091A,373,tfl_21-404-_-y05-6_qyPH39c.xml
RL_21-404-_-y05-6-I-1-5,40004410091A,40004410092A,315,tfl_21-404-_-y05-6_qyPH39c.xml
RL_21-404-_-y05-6-I-1-6,40004410092A,40004410093A,207,tfl_21-404-_-y05-6_qyPH39c.xml
RL_21-404-_-y05-6-I-1-7,40004410093A,490005638N,378,tfl_21-404-_-y05-6_qyPH39c.xml
RL_21-404-_-y05-6-I-1-8,490005638N,490008895N,581,tfl_21-404-_-y05-6_qyPH39c.xml
RL_21-404-_-y05-6-I-1-9,490008895N,490008495E,117,tfl_21-404-_-y05-6_qyPH39c.xml
RL_21-404-_-y05-6-I-1-10,490008495E,490014107N,251,tfl_21-404-_-y05-6_qyPH39c.xml
RL_21-404-_-y05-6-I-1-11,490014107N,490008324N,198,tfl_21-404-_-y05-6_qyPH39c.xml
RL_21-404-_-y05-6-I-1-12,490008324N,490004859S,606,tfl_21-404-_-y05-6_qyPH39c.xml
RL_21-404-_-y05-6-I-1-13,490004859S,490014106S2,190,tfl_21-404-_-y05-6_qyPH39c.xml
RL_21-404-_-y05-6-I-1-14,490014106S2,490007931W,156,tfl_21-404-_-y05-6_qyPH39c.xml
RL_21-404-_-y05-6-I-1-15,490007931W,490015305W1,264,tfl_21-404-_-y05-6_qyPH39c.xml
RL_21-404-_-y05-6-I-1-16,490015305W1,490008679S,164,tfl_21-404-_-y05-6_qyPH39c.xml
RL_21-404-_-y05-6-I-1-17,490008679S,490005649W,235,tfl_21-404-_-y05-6_qyPH39c.xml
RL_21-404-_-y05-6-I-1-18,490005649W,490002184Z,687,tfl_21-404-_-y05-6_qyPH39c.xml
RL_21-404-_-y05-6-I-1-19,490002184Z,490002180Z,241,tfl_21-404-_-y05-6_qyPH39c.xml
RL_21-404-_-y05-6-I-1-20,490002180Z,490002179Z,240,tfl_21-404-_-y05-6_qyPH39c.xml
RL_21-404-_-y05-6-I-1-21,490002179Z,490002181Z,215,tfl_21-404-_-y05-6_qyPH39c.xml
RL_21-404-_-y05-6-I-1-22,490002181Z,490002182Z,288,tfl_21-404-_-y05-6_qyPH39c.xml
RL_21-404-_-y05-6-I-1-23,490002182Z,490002183Z,224,tfl_21-404-_-y05-6_qyPH39c.xml
RL_21-404-_-y05-6-I-1-24,490002183Z,490002185Z,285,tfl_21-404-_-y05-6_qyPH39c.xml
RL_21-404-_-y05-6-I-1-25,490002185Z,490013317N,610,tfl_21-404-_-y05-6_qyPH39c.xml
RL_21-404-_-y05-6-I-1-26,490013317N,490010535N,356,tfl_21-404-_-y05-6_qyPH39c.xml
RL_21-404-_-y05-6-I-1-27,490010535N,490013199W,393,tfl_21-404-_-y05-6_qyPH39c.xml
RL_21-404-_-y05-6-I-1-28,490013199W,490005641N,302,tfl_21-404-_-y05-6_qyPH39c.xml
RL_21-404-_-y05-6-I-1-29,490005641N,490012649E,348,tfl_21-404-_-y05-6_qyPH39c.xml
RL_21-404-_-y05-6-I-1-30,490012649E,490005639N,271,tfl_21-404-_-y05-6_qyPH39c.xml
RL_21-404-_-y05-6-I-1-31,490005639N,490004667S,621,tfl_21-404-_-y05-6_qyPH39c.xml
RL_21-404-_-y05-6-I-1-32,490004667S,490004116S,30,tfl_21-404-_-y05-6_qyPH39c.xml
RL_21-404-_-y05-6-I-1-33,490004116S,490011820W,390,tfl_21-404-_-y05-6_qyPH39c.xml
RL_21-404-_-y05-6-I-1-34,490011820W,490010285W,220,tfl_21-404-_-y05-6_qyPH39c.xml
RL_21-404-_-y05-6-I-1-35,490010285W,490009684S,177,tfl_21-404-_-y05-6_qyPH39c.xml
RL_21-404-_-y05-6-I-1-36,490009684S,490001072P,519,tfl_21-404-_-y05-6_qyPH39c.xml
RL_21-404-_-y05-6-I-1-37,490001072P,490002189Z,782,tfl_21-404-_-y05-6_qyPH39c.xml
RL_21-404-_-y05-6-I-1-38,490002189Z,490001253B,205,tfl_21-404-_-y05-6_qyPH39c.xml
RL_21-404-_-y05-6-I-1-39,490001253B,490005637C,272,tfl_21-404-_-y05-6_qyPH39c.xml
RL_21-404-_-y05-6-I-1-40,490005637C,490009202D,250,tfl_21-404-_-y05-6_qyPH39c.xml
RL_21-404-_-y05-6-I-1-41,490009202D,490002174Y,339,tfl_21-404-_-y05-6_qyPH39c.xml
RL_21-404-_-y05-6-I-1-42,490002174Y,490002175Y,359,tfl_21-404-_-y05-6_qyPH39c.xml
RL_21-404-_-y05-6-I-1-43,490002175Y,490002176Y,122,tfl_21-404-_-y05-6_qyPH39c.xml
RL_21-404-_-y05-6-I-1-44,490002176Y,490002177Y,206,tfl_21-404-_-y05-6_qyPH39c.xml
RL_21-404-_-y05-6-I-1-45,490002177Y,490002178Z,151,tfl_21-404-_-y05-6_qyPH39c.xml
RL_21-404-_-y05-6-O-2-1,490002178Z,490002177Z,190,tfl_21-404-_-y05-6_qyPH39c.xml
RL_21-404-_-y05-6-O-2-2,490002177Z,490002176Z,258,tfl_21-404-_-y05-6_qyPH39c.xml
RL_21-404-_-y05-6-O-2-3,490002176Z,490002175Z,258,tfl_21-404-_-y05-6_qyPH39c.xml
RL_21-404-_-y05-6-O-2-4,490002175Z,490002174Z,216,tfl_21-404-_-y05-6_qyPH39c.xml
RL_21-404-_-y05-6-O-2-5,490002174Z,490002189Z,1046,tfl_21-404-_-y05-6_qyPH39c.xml
RL_21-404-_-y05-6-O-2-6,490002189Z,490001253B,205,tfl_21-404-_-y05-6_qyPH39c.xml
RL_21-404-_-y05-6-O-2-7,490001253B,490005637C,272,tfl_21-404-_-y05-6_qyPH39c.xml
RL_21-404-_-y05-6-O-2-8,490005637C,490009202D,250,tfl_21-404-_-y05-6_qyPH39c.xml
RL_21-404-_-y05-6-O-2-9,490009202D,490001072M,252,tfl_21-404-_-y05-6_qyPH39c.xml
RL_21-404-_-y05-6-O-2-10,490001072M,490006183H,199,tfl_21-404-_-y05-6_qyPH39c.xml
RL_21-404-_-y05-6-O-2-11,490006183H,490009684N,279,tfl_21-404-_-y05-6_qyPH39c.xml
RL_21-404-_-y05-6-O-2-12,490009684N,490010285E,212,tfl_21-404-_-y05-6_qyPH39c.xml
RL_21-404-_-y05-6-O-2-13,490010285E,490011820E,265,tfl_21-404-_-y05-6_qyPH39c.xml
RL_21-404-_-y05-6-O-2-14,490011820E,49003176N1,151,tfl_21-404-_-y05-6_qyPH39c.xml
RL_21-404-_-y05-6-O-2-15,49003176N1,490004116N,109,tfl_21-404-_-y05-6_qyPH39c.xml
RL_21-404-_-y05-6-O-2-16,490004116N,490005639S,674,tfl_21-404-_-y05-6_qyPH39c.xml
RL_21-404-_-y05-6-O-2-17,490005639S,490012649W,305,tfl_21-404-_-y05-6_qyPH39c.xml
RL_21-404-_-y05-6-O-2-18,490012649W,490005641S,338,tfl_21-404-_-y05-6_qyPH39c.xml
RL_21-404-_-y05-6-O-2-19,490005641S,490013199E,321,tfl_21-404-_-y05-6_qyPH39c.xml
RL_21-404-_-y05-6-O-2-20,490013199E,490010535S,415,tfl_21-404-_-y05-6_qyPH39c.xml
RL_21-404-_-y05-6-O-2-21,490010535S,490013317S2,401,tfl_21-404-_-y05-6_qyPH39c.xml
RL_21-404-_-y05-6-O-2-22,490013317S2,490002184Z,558,tfl_21-404-_-y05-6_qyPH39c.xml
RL_21-404-_-y05-6-O-2-23,490002184Z,490002180Z,241,tfl_21-404-_-y05-6_qyPH39c.xml
RL_21-404-_-y05-6-O-2-24,490002180Z,490002179Z,240,tfl_21-404-_-y05-6_qyPH39c.xml
RL_21-404-_-y05-6-O-2-25,490002179Z,490002181Z,215,tfl_21-404-_-y05-6_qyPH39c.xml
RL_21-404-_-y05-6-O-2-26,490002181Z,490002182Z,288,tfl_21-404-_-y05-6_qyPH39c.xml
RL_21-404-_-y05-6-O-2-27,490002182Z,490002183Z,224,tfl_21-404-_-y05-6_qyPH39c.xml
RL_21-404-_-y05-6-O-2-28,490002183Z,490002185Z,285,tfl_21-404-_-y05-6_qyPH39c.xml
RL_21-404-_-y05-6-O-2-29,490002185Z,490015542S1,474,tfl_21-404-_-y05-6_qyPH39c.xml
RL_21-404-_-y05-6-O-2-30,490015542S1,490005649E,217,tfl_21-404-_-y05-6_qyPH39c.xml
RL_21-404-_-y05-6-O-2-31,490005649E,490008679N,206,tfl_21-404-_-y05-6_qyPH39c.xml
RL_21-404-_-y05-6-O-2-32,490008679N,490015305W,237,tfl_21-404-_-y05-6_qyPH39c.xml
RL_21-404-_-y05-6-O-2-33,490015305W,490007931E,147,tfl_21-404-_-y05-6_qyPH39c.xml
RL_21-404-_-y05-6-O-2-34,490007931E,490014106S1,283,tfl_21-404-_-y05-6_qyPH39c.xml
RL_21-404-_-y05-6-O-2-35,490014106S1,490012093S,370,tfl_21-404-_-y05-6_qyPH39c.xml
RL_21-404-_-y05-6-O-2-36,490012093S,490008324S,219,tfl_21-404-_-y05-6_qyPH39c.xml
RL_21-404-_-y05-6-O-2-37,490008324S,490014107E,169,tfl_21-404-_-y05-6_qyPH39c.xml
RL_21-404-_-y05-6-O-2-38,490014107E,490008895W,284,tfl_21-404-_-y05-6_qyPH39c.xml
RL_21-404-_-y05-6-O-2-39,490008895W,490005638S,659,tfl_21-404-_-y05-6_qyPH39c.xml
RL_21-404-_-y05-6-O-2-40,490005638S,40004410093B,285,tfl_21-404-_-y05-6_qyPH39c.xml
RL_21-404-_-y05-6-O-2-41,40004410093B,40004410091B,454,tfl_21-404-_-y05-6_qyPH39c.xml
RL_21-404-_-y05-6-O-2-42,40004410091B,40004410038A,300,tfl_21-404-_-y05-6_qyPH39c.xml
RL_21-404-_-y05-6-O-2-43,40004410038A,40004410037A,527,tfl_21-404-_-y05-6_qyPH39c.xml
RL_21-404-_-y05-7-I-1-1,40004410037A,40004410088B,354,tfl_21-404-_-y05-7.xml
RL_21-404-_-y05-7-I-1-2,40004410088B,40004410089B,231,tfl_21-404-_-y05-7.xml
RL_21-404-_-y05-7-I-1-3,40004410089B,40004410090A,427,tfl_21-404-_-y05-7.xml
RL_21-404-_-y05-7-I-1-4,40004410090A,40004410091A,373,tfl_21-404-_-y05-7.xml
RL_21-404-_-y05-7-I-1-5,40004410091A,40004410092A,315,tfl_21-404-_-y05-7.xml
RL_21-404-_-y05-7-I-1-6,40004410092A,40004410093A,207,tfl_21-404-_-y05-7.xml
RL_21-404-_-y05-7-I-1-7,40004410093A,490005638N,378,tfl_21-404-_-y05-7.xml
RL_21-404-_-y05-7-I-1-8,490005638N,490008895N,581,tfl_21-404-_-y05-7.xml
RL_21-404-_-y05-7-I-1-9,490008895N,490008495E,117,tfl_21-404-_-y05-7.xml
RL_21-404-_-y05-7-I-1-10,490008495E,490014107N,251,tfl_21-404-_-y05-7.xml
RL_21-404-_-y05-7-I-1-11,490014107N,490008324N,198,tfl_21-404-_-y05-7.xml
RL_21-404-_-y05-7-I-1-12,490008324N,490004859S,606,tfl_21-404-_-y05-7.xml
RL_21-404-_-y05-7-I-1-13,490004859S,490014106S2,190,tfl_21-404-_-y05-7.xml
RL_21-404-_-y05-7-I-1-14,490014106S2,490007931W,156,tfl_21-404-_-y05-7.xml
RL_21-404-_-y05-7-I-1-15,490007931W,490015305W1,264,tfl_21-404-_-y05-7.xml
RL_21-404-_-y05-7-I-1-16,490015305W1,490008679S,164,tfl_21-404-_-y05-7.xml
RL_21-404-_-y05-7-I-1-17,490008679S,490005649W,235,tfl_21-404-_-y05-7.xml
RL_21-404-_-y05-7-I-1-18,490005649W,490002184Z,687,tfl_21-404-_-y05-7.xml
RL_21-404-_-y05-7-I-1-19,490002184Z,490002180Z,241,tfl_21-404-_-y05-7.xml
RL_21-404-_-y05-7-I-1-20,490002180Z,490002179Z,240,tfl_21-404-_-y05-7.xml
RL_21-404-_-y05-7-I-1-21,490002179Z,490002181Z,215,tfl_21-404-_-y05-7.xml
RL_21-404-_-y05-7-I-1-22,490002181Z,490002182Z,288,tfl_21-404-_-y05-7.xml
RL_21-404-_-y05-7-I-1-23,490002182Z,490002183Z,224,tfl_21-404-_-y05-7.xml
RL_21-404-_-y05-7-I-1-24,490002183Z,490002185Z,285,tfl_21-404-_-y05-7.xml
RL_21-404-_-y05-7-I-1-25,490002185Z,490013317N,610,tfl_21-404-_-y05-7.xml
RL_21-404-_-y05-7-I-1-26,490013317N,490010535N,356,tfl_21-404-_-y05-7.xml
RL_21-404-_-y05-7-I-1-27,490010535N,490013199W,393,tfl_21-404-_-y05-7.xml
RL_21-404-_-y05-7-I-1-28,490013199W,490005641N,302,tfl_21-404-_-y05-7.xml
RL_21-404-_-y05-7-I-1-29,490005641N,490012649E,348,tfl_21-404-_-y05-7.xml
RL_21-404-_-y05-7-I-1-30,490012649E,490005639N,271,tfl_21-404-_-y05-7.xml
RL_21-404-_-y05-7-I-1-31,490005639N,490004667S,621,tfl_21-404-_-y05-7.xml
RL_21-404-_-y05-7-I-1-32,490004667S,490004116S,30,tfl_21-404-_-y05-7.xml
RL_21-404-_-y05-7-I-1-33,490004116S,490011820W,390,tfl_21-404-_-y05-7.xml
RL_21-404-_-y05-7-I-1-34,490011820W,490010285W,220,tfl_21-404-_-y05-7.xml
RL_21-404-_-y05-7-I-1-35,490010285W,490009684S,177,tfl_21-404-_-y05-7.xml
RL_21-404-_-y05-7-I-1-36,490009684S,490001072P,519,tfl_21-404-_-y05-7.xml
RL_21-404-_-y05-7-I-1-37,490001072P,490002189Z,782,tfl_21-404-_-y05-7.xml
RL_21-404-_-y05-7-I-1-38,490002189Z,490001253B,205,tfl_21-404-_-y05-7.xml
RL_21-404-_-y05-7-I-1-39,490001253B,490005637C,272,tfl_21-404-_-y05-7.xml
RL_21-404-_-y05-7-I-1-40,490005637C,490009202D,250,tfl_21-404-_-y05-7.xml
RL_21-404-_-y05-7-I-1-41,490009202D,490002174Y,339,tfl_21-404-_-y05-7.xml
RL_21-404-_-y05-7-I-1-42,490002174Y,490002175Y,359,tfl_21-404-_-y05-7.xml
RL_21-404-_-y05-7-I-1-43,490002175Y,490002176Y,122,tfl_21-404-_-y05-7.xml
RL_21-404-_-y05-7-I-1-44,490002176Y,490002177Y,206,tfl_21-404-_-y05-7.xml
RL_21-404-_-y05-7-I-1-45,490002177Y,490002178Z,151,tfl_21-404-_-y05-7.xml
RL_21-404-_-y05-7-O-2-1,490002178Z,490002177Z,190,tfl_21-404-_-y05-7.xml
RL_21-404-_-y05-7-O-2-2,490002177Z,490002176Z,258,tfl_21-404-_-y05-7.xml
RL_21-404-_-y05-7-O-2-3,490002176Z,490002175Z,258,tfl_21-404-_-y05-7.xml
RL_21-404-_-y05-7-O-2-4,490002175Z,490002174Z,216,tfl_21-404-_-y05-7.xml
RL_21-404-_-y05-7-O-2-5,490002174Z,490002189Z,1046,tfl_21-404-_-y05-7.xml
RL_21-404-_-y05-7-O-2-6,490002189Z,490001253B,205,tfl_21-404-_-y05-7.xml
RL_21-404-_-y05-7-O-2-7,490001253B,490005637C,272,tfl_21-404-_-y05-7.xml
RL_21-404-_-y05-7-O-2-8,490005637C,490009202D,250,tfl_21-404-_-y05-7.xml
RL_21-404-_-y05-7-O-2-9,490009202D,490001072M,252,tfl_21-404-_-y05-7.xml
RL_21-404-_-y05-7-O-2-10,490001072M,490006183H,199,tfl_21-404-_-y05-7.xml
RL_21-404-_-y05-7-O-2-11,490006183H,490009684N,279,tfl_21-404-_-y05-7.xml
RL_21-404-_-y05-7-O-2-12,490009684N,490010285E,212,tfl_21-404-_-y05-7.xml
RL_21-404-_-y05-7-O-2-13,490010285E,490011820E,265,tfl_21-404-_-y05-7.xml
RL_21-404-_-y05-7-O-2-14,490011820E,49003176N1,151,tfl_21-404-_-y05-7.xml
RL_21-404-_-y05-7-O-2-15,49003176N1,490004116N,109,tfl_21-404-_-y05-7.xml
RL_21-404-_-y05-7-O-2-16,490004116N,490005639S,674,tfl_21-404-_-y05-7.xml
RL_21-404-_-y05-7-O-2-17,490005639S,490012649W,305,tfl_21-404-_-y05-7.xml
RL_21-404-_-y05-7-O-2-18,490012649W,490005641S,338,tfl_21-404-_-y05-7.xml
RL_21-404-_-y05-7-O-2-19,490005641S,490013199E,321,tfl_21-404-_-y05-7.xml
RL_21-404-_-y05-7-O-2-20,490013199E,490010535S,415,tfl_21-404-_-y05-7.xml
RL_21-404-_-y05-7-O-2-21,490010535S,490013317S2,401,tfl_21-404-_-y05-7.xml
RL_21-404-_-y05-7-O-2-22,490013317S2,490002184Z,558,tfl_21-404-_-y05-7.xml
RL_21-404-_-y05-7-O-2-23,490002184Z,490002180Z,241,tfl_21-404-_-y05-7.xml
RL_21-404-_-y05-7-O-2-24,490002180Z,490002179Z,240,tfl_21-404-_-y05-7.xml
RL_21-404-_-y05-7-O-2-25,490002179Z,490002181Z,215,tfl_21-404-_-y05-7.xml
RL_21-404-_-y05-7-O-2-26,490002181Z,490002182Z,288,tfl_21-404-_-y05-7.xml
RL_21-404-_-y05-7-O-2-27,490002182Z,490002183Z,224,tfl_21-404-_-y05-7.xml
RL_21-404-_-y05-7-O-2-28,490002183Z,490002185Z,285,tfl_21-404-_-y05-7.xml
RL_21-404-_-y05-7-O-2-29,490002185Z,490015542S1,474,tfl_21-404-_-y05-7.xml
RL_21-404-_-y05-7-O-2-30,490015542S1,490005649E,217,tfl_21-404-_-y05-7.xml
RL_21-404-_-y05-7-O-2-31,490005649E,490008679N,206,tfl_21-404-_-y05-7.xml
RL_21-404-_-y05-7-O-2-32,490008679N,490015305W,237,tfl_21-404-_-y05-7.xml
RL_21-404-_-y05-7-O-2-33,490015305W,490007931E,147,tfl_21-404-_-y05-7.xml
RL_21-404-_-y05-7-O-2-34,490007931E,490014106S1,283,tfl_21-404-_-y05-7.xml
RL_21-404-_-y05-7-O-2-35,490014106S1,490012093S,370,tfl_21-404-_-y05-7.xml
RL_21-404-_-y05-7-O-2-36,490012093S,490008324S,219,tfl_21-404-_-y05-7.xml
RL_21-404-_-y05-7-O-2-37,490008324S,490014107E,169,tfl_21-404-_-y05-7.xml
RL_21-404-_-y05-7-O-2-38,490014107E,490008895W,284,tfl_21-404-_-y05-7.xml
RL_21-404-_-y05-7-O-2-39,490008895W,490005638S,659,tfl_21-404-_-y05-7.xml
RL_21-404-_-y05-7-O-2-40,490005638S,40004410093B,285,tfl_21-404-_-y05-7.xml
RL_21-404-_-y05-7-O-2-41,40004410093B,40004410091B,454,tfl_21-404-_-y05-7.xml
RL_21-404-_-y05-7-O-2-42,40004410091B,40004410038A,300,tfl_21-404-_-y05-7.xml
RL_21-404-_-y05-7-O-2-43,40004410038A,40004410037A,527,tfl_21-404-_-y05-7.xml
RL_21-407-_-y05-11-I-1-1,40004410084C,40004410108A,245,tfl_21-407-_-y05-11_HygcEjI.xml
RL_21-407-_-y05-11-I-1-2,40004410108A,40004410109A,348,tfl_21-407-_-y05-11_HygcEjI.xml
RL_21-407-_-y05-11-I-1-3,40004410109A,40004410110A,353,tfl_21-407-_-y05-11_HygcEjI.xml
RL_21-407-_-y05-11-I-1-4,40004410110A,40004410111A,272,tfl_21-407-_-y05-11_HygcEjI.xml
RL_21-407-_-y05-11-I-1-5,40004410111A,40004410112A,401,tfl_21-407-_-y05-11_HygcEjI.xml
RL_21-407-_-y05-11-I-1-6,40004410112A,40004410113A,659,tfl_21-407-_-y05-11_HygcEjI.xml
RL_21-407-_-y05-11-I-1-7,40004410113A,40004410114A,264,tfl_21-407-_-y05-11_HygcEjI.xml
RL_21-407-_-y05-11-I-1-8,40004410114A,40004410115A,295,tfl_21-407-_-y05-11_HygcEjI.xml
RL_21-407-_-y05-11-I-1-9,40004410115A,40004410116A,372,tfl_21-407-_-y05-11_HygcEjI.xml
RL_21-407-_-y05-11-I-1-10,40004410116A,40004410118A,580,tfl_21-407-_-y05-11_HygcEjI.xml
RL_21-407-_-y05-11-I-1-11,40004410118A,40004410119A,241,tfl_21-407-_-y05-11_HygcEjI.xml
RL_21-407-_-y05-11-I-1-12,40004410119A,490006064N,391,tfl_21-407-_-y05-11_HygcEjI.xml
RL_21-407-_-y05-11-I-1-13,490006064N,490007129N,396,tfl_21-407-_-y05-11_HygcEjI.xml
RL_21-407-_-y05-11-I-1-14,490007129N,490008633N,583,tfl_21-407-_-y05-11_HygcEjI.xml
RL_21-407-_-y05-11-I-1-15,490008633N,490013437W,259,tfl_21-407-_-y05-11_HygcEjI.xml
RL_21-407-_-y05-11-I-1-16,490013437W,490009074N,548,tfl_21-407-_-y05-11_HygcEjI.xml
RL_21-407-_-y05-11-I-1-17,490009074N,490012726N,303,tfl_21-407-_-y05-11_HygcEjI.xml
RL_21-407-_-y05-11-I-1-18,490012726N,490013020N,312,tfl_21-407-_-y05-11_HygcEjI.xml
RL_21-407-_-y05-11-I-1-19,490013020N,490006975NB,309,tfl_21-407-_-y05-11_HygcEjI.xml
RL_21-407-_-y05-11-I-1-20,490006975NB,490011274P,366,tfl_21-407-_-y05-11_HygcEjI.xml
RL_21-407-_-y05-11-I-1-21,490011274P,490011259D,260,tfl_21-407-_-y05-11_HygcEjI.xml
RL_21-407-_-y05-11-I-1-22,490011259D,490005236N,212,tfl_21-407-_-y05-11_HygcEjI.xml
RL_21-407-_-y05-11-I-1-23,490005236N,490010002N,399,tfl_21-407-_-y05-11_HygcEjI.xml
RL_21-407-_-y05-11-I-1-24,490010002N,490013543N,246,tfl_21-407-_-y05-11_HygcEjI.xml
RL_21-407-_-y05-11-I-1-25,490013543N,490003117A,400,tfl_21-407-_-y05-11_HygcEjI.xml
RL_21-407-_-y05-11-I-1-26,490003117A,490013603N,201,tfl_21-407-_-y05-11_HygcEjI.xml
RL_21-407-_-y05-11-I-1-27,490013603N,490011481N,480,tfl_21-407-_-y05-11_HygcEjI.xml
RL_21-407-_-y05-11-I-1-28,490011481N,490012272N,304,tfl_21-407-_-y05-11_HygcEjI.xml
RL_21-407-_-y05-11-I-1-29,490012272N,490007670N,362,tfl_21-407-_-y05-11_HygcEjI.xml
RL_21-407-_-y05-11-I-1-30,490007670N,490013920N,232,tfl_21-407-_-y05-11_HygcEjI.xml
RL_21-407-_-y05-11-I-1-31,490013920N,490013100G,274,tfl_21-407-_-y05-11_HygcEjI.xml
RL_21-407-_-y05-11-I-1-32,490013100G,490005574V,444,tfl_21-407-_-y05-11_HygcEjI.xml
RL_21-407-_-y05-11-I-1-33,490005574V,490005855C1,345,tfl_21-407-_-y05-11_HygcEjI.xml
RL_21-407-_-y05-11-I-1-34,490005855C1,490005858NX,306,tfl_21-407-_-y05-11_HygcEjI.xml
RL_21-407-_-y05-11-I-1-35,490005858NX,490014614E14,589,tfl_21-407-_-y05-11_HygcEjI.xml
RL_21-407-_-y05-11-I-1-36,490014614E14,490014420X,502,tfl_21-407-_-y05-11_HygcEjI.xml
RL_21-407-_-y05-11-I-1-37,490014420X,490011806W11,260,tfl_21-407-_-y05-11_HygcEjI.xml
RL_21-407-_-y05-11-I-1-38,490011806W11,490002023W13,377,tfl_21-407-_-y05-11_HygcEjI.xml
RL_21-407-_-y05-11-I-1-39,490002023W13,490009410W,438,tfl_21-407-_-y05-11_HygcEjI.xml
RL_21-407-_-y05-11-I-1-40,490009410W,490014111S,303,tfl_21-407-_-y05-11_HygcEjI.xml
RL_21-407-_-y05-11-I-1-41,490014111S,490014043A,269,tfl_21-407-_-y05-11_HygcEjI.xml
RL_21-407-_-y05-11-I-1-42,490014043A,490014110S,365,tfl_21-407-_-y05-11_HygcEjI.xml
RL_21-407-_-y05-11-I-1-43,490014110S,490011275C,422,tfl_21-407-_-y05-11_HygcEjI.xml
RL_21-407-_-y05-11-I-1-44,490011275C,490009010W,428,tfl_21-407-_-y05-11_HygcEjI.xml
RL_21-407-_-y05-11-I-1-45,490009010W,490003769W,367,tfl_21-407-_-y05-11_HygcEjI.xml
RL_21-407-_-y05-11-I-1-46,490003769W,490005289W,796,tfl_21-407-_-y05-11_HygcEjI.xml
RL_21-407-_-y05-11-I-1-47,490005289W,490013422W,192,tfl_21-407-_-y05-11_HygcEjI.xml
RL_21-407-_-y05-11-I-1-48,490013422W,490014136W,291,tfl_21-407-_-y05-11_HygcEjI.xml
RL_21-407-_-y05-11-I-1-49,490014136W,490014137W,330,tfl_21-407-_-y05-11_HygcEjI.xml
RL_21-407-_-y05-11-I-1-50,490014137W,490004821E,533,tfl_21-407-_-y05-11_HygcEjI.xml
RL_21-407-_-y05-11-I-1-51,490004821E,490011153W,524,tfl_21-407-_-y05-11_HygcEjI.xml
RL_21-407-_-y05-11-I-1-52,490011153W,490004708W,585,tfl_21-407-_-y05-11_HygcEjI.xml
RL_21-407-_-y05-11-I-1-53,490004708W,490011585W,279,tfl_21-407-_-y05-11_HygcEjI.xml
RL_21-407-_-y05-11-I-1-54,490011585W,490009180W1,629,tfl_21-407-_-y05-11_HygcEjI.xml
RL_21-407-_-y05-11-I-1-55,490009180W1,490015833S,315,tfl_21-407-_-y05-11_HygcEjI.xml
RL_21-407-_-y05-11-I-1-56,490015833S,490013082R,285,tfl_21-407-_-y05-11_HygcEjI.xml
RL_21-407-_-y05-11-I-1-57,490013082R,490013064V,427,tfl_21-407-_-y05-11_HygcEjI.xml
RL_21-407-_-y05-11-I-1-58,490013064V,490011856W,403,tfl_21-407-_-y05-11_HygcEjI.xml
RL_21-407-_-y05-11-I-1-59,490011856W,490013061D,515,tfl_21-407-_-y05-11_HygcEjI.xml
RL_21-407-_-y05-11-O-2-1,490013061D,490009575I,289,tfl_21-407-_-y05-11_HygcEjI.xml
RL_21-407-_-y05-11-O-2-2,490009575I,490013679J,206,tfl_21-407-_-y05-11_HygcEjI.xml
RL_21-407-_-y05-11-O-2-3,490013679J,490013081K,272,tfl_21-407-_-y05-11_HygcEjI.xml
RL_21-407-_-y05-11-O-2-4,490013081K,490009180E1,514,tfl_21-407-_-y05-11_HygcEjI.xml
RL_21-407-_-y05-11-O-2-5,490009180E1,490011585E,580,tfl_21-407-_-y05-11_HygcEjI.xml
RL_21-407-_-y05-11-O-2-6,490011585E,490004708E,363,tfl_21-407-_-y05-11_HygcEjI.xml
RL_21-407-_-y05-11-O-2-7,490004708E,490011153F,524,tfl_21-407-_-y05-11_HygcEjI.xml
RL_21-407-_-y05-11-O-2-8,490011153F,490004821D,352,tfl_21-407-_-y05-11_HygcEjI.xml
RL_21-407-_-y05-11-O-2-9,490004821D,490014137E,578,tfl_21-407-_-y05-11_HygcEjI.xml
RL_21-407-_-y05-11-O-2-10,490014137E,490013422E,504,tfl_21-407-_-y05-11_HygcEjI.xml
RL_21-407-_-y05-11-O-2-11,490013422E,490005289E,439,tfl_21-407-_-y05-11_HygcEjI.xml
RL_21-407-_-y05-11-O-2-12,490005289E,490008217E,380,tfl_21-407-_-y05-11_HygcEjI.xml
RL_21-407-_-y05-11-O-2-13,490008217E,490003769E,271,tfl_21-407-_-y05-11_HygcEjI.xml
RL_21-407-_-y05-11-O-2-14,490003769E,490009010E,429,tfl_21-407-_-y05-11_HygcEjI.xml
RL_21-407-_-y05-11-O-2-15,490009010E,490011275D,378,tfl_21-407-_-y05-11_HygcEjI.xml
RL_21-407-_-y05-11-O-2-16,490011275D,490003281N,215,tfl_21-407-_-y05-11_HygcEjI.xml
RL_21-407-_-y05-11-O-2-17,490003281N,490014110B,423,tfl_21-407-_-y05-11_HygcEjI.xml
RL_21-407-_-y05-11-O-2-18,490014110B,490014043B,236,tfl_21-407-_-y05-11_HygcEjI.xml
RL_21-407-_-y05-11-O-2-19,490014043B,490014111N,258,tfl_21-407-_-y05-11_HygcEjI.xml
RL_21-407-_-y05-11-O-2-20,490014111N,490011504W15,435,tfl_21-407-_-y05-11_HygcEjI.xml
RL_21-407-_-y05-11-O-2-21,490011504W15,490002042C0,184,tfl_21-407-_-y05-11_HygcEjI.xml
RL_21-407-_-y05-11-O-2-22,490002042C0,490011806W16,89,tfl_21-407-_-y05-11_HygcEjI.xml
RL_21-407-_-y05-11-O-2-23,490011806W16,490014420W,352,tfl_21-407-_-y05-11_HygcEjI.xml
RL_21-407-_-y05-11-O-2-24,490014420W,490014614E10,454,tfl_21-407-_-y05-11_HygcEjI.xml
RL_21-407-_-y05-11-O-2-25,490014614E10,490010839C3,559,tfl_21-407-_-y05-11_HygcEjI.xml
RL_21-407-_-y05-11-O-2-26,490010839C3,490005855C15,435,tfl_21-407-_-y05-11_HygcEjI.xml
RL_21-407-_-y05-11-O-2-27,490005855C15,490005574S,331,tfl_21-407-_-y05-11_HygcEjI.xml
RL_21-407-_-y05-11-O-2-28,490005574S,490013269S,269,tfl_21-407-_-y05-11_HygcEjI.xml
RL_21-407-_-y05-11-O-2-29,490013269S,490013100J,312,tfl_21-407-_-y05-11_HygcEjI.xml
RL_21-407-_-y05-11-O-2-30,490013100J,490013920S,332,tfl_21-407-_-y05-11_HygcEjI.xml
RL_21-407-_-y05-11-O-2-31,490013920S,490007670S,349,tfl_21-407-_-y05-11_HygcEjI.xml
RL_21-407-_-y05-11-O-2-32,490007670S,490015442S,342,tfl_21-407-_-y05-11_HygcEjI.xml
RL_21-407-_-y05-11-O-2-33,490015442S,490011481S,219,tfl_21-407-_-y05-11_HygcEjI.xml
RL_21-407-_-y05-11-O-2-34,490011481S,490013603C,259,tfl_21-407-_-y05-11_HygcEjI.xml
RL_21-407-_-y05-11-O-2-35,490013603C,490003117B,438,tfl_21-407-_-y05-11_HygcEjI.xml
RL_21-407-_-y05-11-O-2-36,490003117B,490013543S,495,tfl_21-407-_-y05-11_HygcEjI.xml
RL_21-407-_-y05-11-O-2-37,490013543S,490010002S,243,tfl_21-407-_-y05-11_HygcEjI.xml
RL_21-407-_-y05-11-O-2-38,490010002S,490011259G,472,tfl_21-407-_-y05-11_HygcEjI.xml
RL_21-407-_-y05-11-O-2-39,490011259G,490011270M,219,tfl_21-407-_-y05-11_HygcEjI.xml
RL_21-407-_-y05-11-O-2-40,490011270M,490006975N,308,tfl_21-407-_-y05-11_HygcEjI.xml
RL_21-407-_-y05-11-O-2-41,490006975N,490013020S,252,tfl_21-407-_-y05-11_HygcEjI.xml
RL_21-407-_-y05-11-O-2-42,490013020S,490012726S,520,tfl_21-407-_-y05-11_HygcEjI.xml
RL_21-407-_-y05-11-O-2-43,490012726S,490009074S,206,tfl_21-407-_-y05-11_HygcEjI.xml
RL_21-407-_-y05-11-O-2-44,490009074S,490013437S,451,tfl_21-407-_-y05-11_HygcEjI.xml
RL_21-407-_-y05-11-O-2-45,490013437S,490008633E,341,tfl_21-407-_-y05-11_HygcEjI.xml
RL_21-407-_-y05-11-O-2-46,490008633E,490007129S,552,tfl_21-407-_-y05-11_HygcEjI.xml
RL_21-407-_-y05-11-O-2-47,490007129S,490006064S,338,tfl_21-407-_-y05-11_HygcEjI.xml
RL_21-407-_-y05-11-O-2-48,490006064S,40004410119B,422,tfl_21-407-_-y05-11_HygcEjI.xml
RL_21-407-_-y05-11-O-2-49,40004410119B,40004410118B,444,tfl_21-407-_-y05-11_HygcEjI.xml
RL_21-407-_-y05-11-O-2-50,40004410118B,40004410116B,392,tfl_21-407-_-y05-11_HygcEjI.xml
RL_21-407-_-y05-11-O-2-51,40004410116B,40004410115B,454,tfl_21-407-_-y05-11_HygcEjI.xml
RL_21-407-_-y05-11-O-2-52,40004410115B,40004410114B,199,tfl_21-407-_-y05-11_HygcEjI.xml
RL_21-407-_-y05-11-O-2-53,40004410114B,40004410106C,461,tfl_21-407-_-y05-11_HygcEjI.xml
RL_21-407-_-y05-11-O-2-54,40004410106C,40004410112B,679,tfl_21-407-_-y05-11_HygcEjI.xml
RL_21-407-_-y05-11-O-2-55,40004410112B,40004410111B,265,tfl_21-407-_-y05-11_HygcEjI.xml
RL_21-407-_-y05-11-O-2-56,40004410111B,40004410110B,393,tfl_21-407-_-y05-11_HygcEjI.xml
RL_21-407-_-y05-11-O-2-57,40004410110B,40004410109B,353,tfl_21-407-_-y05-11_HygcEjI.xml
RL_21-407-_-y05-11-O-2-58,40004410109B,40004410108B,326,tfl_21-407-_-y05-11_HygcEjI.xml
RL_21-407-_-y05-11-O-2-59,40004410108B,40004410084C,321,tfl_21-407-_-y05-11_HygcEjI.xml
RL_21-464-_-y05-55535-I-1-1,490010848S,490004928Z,374,tfl_21-464-_-y05-55535.xml
RL_21-464-_-y05-55535-I-1-2,490004928Z,490012660E,189,tfl_21-464-_-y05-55535.xml
RL_21-464-_-y05-55535-I-1-3,490012660E,490009926E,226,tfl_21-464-_-y05-55535.xml
RL_21-464-_-y05-55535-I-1-4,490009926E,490004680E,293,tfl_21-464-_-y05-55535.xml
RL_21-464-_-y05-55535-I-1-5,490004680E,490000388Z,235,tfl_21-464-_-y05-55535.xml
RL_21-464-_-y05-55535-I-1-6,490000388Z,490003093S,222,tfl_21-464-_-y05-55535.xml
RL_21-464-_-y05-55535-I-1-7,490003093S,490006699S,98,tfl_21-464-_-y05-55535.xml
RL_21-464-_-y05-55535-I-1-8,490006699S,490011874S,2278,tfl_21-464-_-y05-55535.xml
RL_21-464-_-y05-55535-I-1-9,490011874S,490013017S,462,tfl_21-464-_-y05-55535.xml
RL_21-464-_-y05-55535-I-1-10,490013017S,490008533S,752,tfl_21-464-_-y05-55535.xml
RL_21-464-_-y05-55535-I-2-11,490008533S,490003994S,555,tfl_21-464-_-y05-55535.xml
RL_21-464-_-y05-55535-I-2-12,490003994S,490012824S,665,tfl_21-464-_-y05-55535.xml
RL_21-464-_-y05-55535-I-2-13,490012824S,490011693S,355,tfl_21-464-_-y05-55535.xml
RL_21-464-_-y05-55535-I-2-14,490011693S,490013114E,186,tfl_21-464-_-y05-55535.xml
RL_21-464-_-y05-55535-I-2-15,490013114E,40004410805F,1096,tfl_21-464-_-y05-55535.xml
RL_21-464-_-y05-55535-I-2-16,40004410805F,40004410134A,462,tfl_21-464-_-y05-55535.xml
RL_21-464-_-y05-55535-I-2-17,40004410134A,40004410805G,399,tfl_21-464-_-y05-55535.xml
RL_21-464-_-y05-55535-I-2-18,40004410805G,40004410805H,575,tfl_21-464-_-y05-55535.xml
RL_21-464-_-y05-55535-I-2-19,40004410805H,40004410135A,492,tfl_21-464-_-y05-55535.xml
RL_21-464-_-y05-55535-O-3-12,490008533N,490013017N,793,tfl_21-464-_-y05-55535.xml
RL_21-464-_-y05-55535-O-3-13,490013017N,490011874N,452,tfl_21-464-_-y05-55535.xml
RL_21-464-_-y05-55535-O-3-14,490011874N,490006699N,2240,tfl_21-464-_-y05-55535.xml
RL_21-464-_-y05-55535-O-3-15,490006699N,490003093N,166,tfl_21-464-_-y05-55535.xml
RL_21-464-_-y05-55535-O-3-16,490003093N,490000388Y,235,tfl_21-464-_-y05-55535.xml
RL_21-464-_-y05-55535-O-3-17,490000388Y,490004680W,199,tfl_21-464-_-y05-55535.xml
RL_21-464-_-y05-55535-O-3-18,490004680W,490009926W,261,tfl_21-464-_-y05-55535.xml
RL_21-464-_-y05-55535-O-3-19,490009926W,490004928N,412,tfl_21-464-_-y05-55535.xml
RL_21-464-_-y05-55535-O-3-20,490004928N,490010848N,431,tfl_21-464-_-y05-55535.xml
RL_21-464-_-y05-55535-O-4-1,40004410135A,40004410805A,395,tfl_21-464-_-y05-55535.xml
RL_21-464-_-y05-55535-O-4-2,40004410805A,40004410805B,582,tfl_21-464-_-y05-55535.xml
RL_21-464-_-y05-55535-O-4-3,40004410805B,40004410805C,386,tfl_21-464-_-y05-55535.xml
RL_21-464-_-y05-55535-O-4-4,40004410805C,40004410805D,246,tfl_21-464-_-y05-55535.xml
RL_21-464-_-y05-55535-O-4-5,40004410805D,490005009W,1207,tfl_21-464-_-y05-55535.xml
RL_21-464-_-y05-55535-O-4-6,490005009W,490013114W,210,tfl_21-464-_-y05-55535.xml
RL_21-464-_-y05-55535-O-4-7,490013114W,490011693N3,176,tfl_21-464-_-y05-55535.xml
RL_21-464-_-y05-55535-O-4-8,490011693N3,490012824N,278,tfl_21-464-_-y05-55535.xml
RL_21-464-_-y05-55535-O-4-9,490012824N,490003994E,614,tfl_21-464-_-y05-55535.xml
RL_21-464-_-y05-55535-O-4-10,490003994E,490009625N,224,tfl_21-464-_-y05-55535.xml
RL_21-464-_-y05-55535-O-4-11,490009625N,490008533N,400,tfl_21-464-_-y05-55535.xml
RL_21-464-_-y05-55538-I-1-1,490010848S,490004928Z,374,tfl_21-464-_-y05-55538.xml
RL_21-464-_-y05-55538-I-1-2,490004928Z,490012660E,189,tfl_21-464-_-y05-55538.xml
RL_21-464-_-y05-55538-I-1-3,490012660E,490009926E,226,tfl_21-464-_-y05-55538.xml
RL_21-464-_-y05-55538-I-1-4,490009926E,490004680E,293,tfl_21-464-_-y05-55538.xml
RL_21-464-_-y05-55538-I-1-5,490004680E,490011493N,399,tfl_21-464-_-y05-55538.xml
RL_21-464-_-y05-55538-I-1-6,490011493N,490015467N,207,tfl_21-464-_-y05-55538.xml
RL_21-464-_-y05-55538-I-1-7,490015467N,490003945W,1185,tfl_21-464-_-y05-55538.xml
RL_21-464-_-y05-55538-I-1-8,490003945W,490013322N,347,tfl_21-464-_-y05-55538.xml
RL_21-464-_-y05-55538-I-1-9,490013322N,490002038A,448,tfl_21-464-_-y05-55538.xml
RL_21-464-_-y05-55538-I-1-10,490002038A,490003095E,2063,tfl_21-464-_-y05-55538.xml
RL_21-464-_-y05-55538-I-1-11,490003095E,490009032E,1171,tfl_21-464-_-y05-55538.xml
RL_21-464-_-y05-55538-I-1-12,490009032E,490003099N,206,tfl_21-464-_-y05-55538.xml
RL_21-464-_-y05-55538-I-1-13,490003099N,490003097E,232,tfl_21-464-_-y05-55538.xml
RL_21-464-_-y05-55538-I-1-14,490003097E,490005544E,196,tfl_21-464-_-y05-55538.xml
RL_21-464-_-y05-55538-I-1-15,490005544E,490007871E,898,tfl_21-464-_-y05-55538.xml
RL_21-464-_-y05-55538-I-1-16,490007871E,490008678S,1281,tfl_21-464-_-y05-55538.xml
RL_21-464-_-y05-55538-I-1-17,490008678S,490015686S,312,tfl_21-464-_-y05-55538.xml
RL_21-464-_-y05-55538-I-1-18,490015686S,490008684N1,290,tfl_21-464-_-y05-55538.xml
RL_21-464-_-y05-55538-I-1-19,490008684N1,490008000S2,180,tfl_21-464-_-y05-55538.xml
RL_21-464-_-y05-55538-I-1-20,490008000S2,490006165S,1171,tfl_21-464-_-y05-55538.xml
RL_21-464-_-y05-55538-I-1-21,490006165S,490004073S,390,tfl_21-464-_-y05-55538.xml
RL_21-464-_-y05-55538-I-1-22,490004073S,490009051S,494,tfl_21-464-_-y05-55538.xml
RL_21-464-_-y05-55538-I-1-23,490009051S,490009878S,376,tfl_21-464-_-y05-55538.xml
RL_21-464-_-y05-55538-I-1-24,490009878S,490003993S,489,tfl_21-464-_-y05-55538.xml
RL_21-464-_-y05-55538-I-1-25,490003993S,490007746S,446,tfl_21-464-_-y05-55538.xml
RL_21-464-_-y05-55538-I-1-26,490007746S,490002120Z,186,tfl_21-464-_-y05-55538.xml
RL_21-464-_-y05-55538-I-1-27,490002120Z,490011874S,317,tfl_21-464-_-y05-55538.xml
RL_21-464-_-y05-55538-I-1-28,490011874S,490013017S,462,tfl_21-464-_-y05-55538.xml
RL_21-464-_-y05-55538-I-1-29,490013017S,490008533S,752,tfl_21-464-_-y05-55538.xml
RL_21-464-_-y05-55538-I-2-30,490008533S,490003994S,555,tfl_21-464-_-y05-55538.xml
RL_21-464-_-y05-55538-I-2-31,490003994S,490012824S,665,tfl_21-464-_-y05-55538.xml
RL_21-464-_-y05-55538-I-2-32,490012824S,490011693S,355,tfl_21-464-_-y05-55538.xml
RL_21-464-_-y05-55538-I-2-33,490011693S,490013114E,186,tfl_21-464-_-y05-55538.xml
RL_21-464-_-y05-55538-I-2-34,490013114E,40004410805F,1096,tfl_21-464-_-y05-55538.xml
RL_21-464-_-y05-55538-I-2-35,40004410805F,40004410134A,462,tfl_21-464-_-y05-55538.xml
RL_21-464-_-y05-55538-I-2-36,40004410134A,40004410805G,399,tfl_21-464-_-y05-55538.xml
RL_21-464-_-y05-55538-I-2-37,40004410805G,40004410805H,575,tfl_21-464-_-y05-55538.xml
RL_21-464-_-y05-55538-I-2-38,40004410805H,40004410135A,492,tfl_21-464-_-y05-55538.xml
RL_21-464-_-y05-55538-O-3-1,40004410135A,40004410805A,395,tfl_21-464-_-y05-55538.xml
RL_21-464-_-y05-55538-O-3-2,40004410805A,40004410805B,582,tfl_21-464-_-y05-55538.xml
RL_21-464-_-y05-55538-O-3-3,40004410805B,40004410805C,386,tfl_21-464-_-y05-55538.xml
RL_21-464-_-y05-55538-O-3-4,40004410805C,40004410805D,246,tfl_21-464-_-y05-55538.xml
RL_21-464-_-y05-55538-O-3-5,40004410805D,490005009W,1207,tfl_21-464-_-y05-55538.xml
RL_21-464-_-y05-55538-O-3-6,490005009W,490013114W,210,tfl_21-464-_-y05-55538.xml
RL_21-464-_-y05-55538-O-3-7,490013114W,490011693N3,176,tfl_21-464-_-y05-55538.xml
RL_21-464-_-y05-55538-O-3-8,490011693N3,490012824N,278,tfl_21-464-_-y05-55538.xml
RL_21-464-_-y05-55538-O-3-9,490012824N,490003994E,614,tfl_21-464-_-y05-55538.xml
RL_21-464-_-y05-55538-O-3-10,490003994E,490009625N,224,tfl_21-464-_-y05-55538.xml
RL_21-464-_-y05-55538-O-3-11,490009625N,490008533N,400,tfl_21-464-_-y05-55538.xml
RL_21-464-_-y05-55538-O-3-12,490008533N,490013017N,793,tfl_21-464-_-y05-55538.xml
RL_21-464-_-y05-55538-O-3-13,490013017N,490011874N,452,tfl_21-464-_-y05-55538.xml
RL_21-464-_-y05-55538-O-3-14,490011874N,490007746N,383,tfl_21-464-_-y05-55538.xml
RL_21-464-_-y05-55538-O-3-15,490007746N,490003993N,370,tfl_21-464-_-y05-55538.xml
RL_21-464-_-y05-55538-O-3-16,490003993N,490009878N,669,tfl_21-464-_-y05-55538.xml
RL_21-464-_-y05-55538-O-3-17,490009878N,490009051N,354,tfl_21-464-_-y05-55538.xml
RL_21-464-_-y05-55538-O-3-18,490009051N,490004073N,488,tfl_21-464-_-y05-55538.xml
RL_21-464-_-y05-55538-O-3-19,490004073N,490008680N,670,tfl_21-464-_-y05-55538.xml
RL_21-464-_-y05-55538-O-3-20,490008680N,490008000N2,788,tfl_21-464-_-y05-55538.xml
RL_21-464-_-y05-55538-O-3-21,490008000N2,490008684N2,286,tfl_21-464-_-y05-55538.xml
RL_21-464-_-y05-55538-O-3-22,490008684N2,490015686N,379,tfl_21-464-_-y05-55538.xml
RL_21-464-_-y05-55538-O-3-23,490015686N,490008678N,340,tfl_21-464-_-y05-55538.xml
RL_21-464-_-y05-55538-O-3-24,490008678N,490007871W,1301,tfl_21-464-_-y05-55538.xml
RL_21-464-_-y05-55538-O-3-25,490007871W,490005544W,749,tfl_21-464-_-y05-55538.xml
RL_21-464-_-y05-55538-O-3-26,490005544W,490003099W,442,tfl_21-464-_-y05-55538.xml
RL_21-464-_-y05-55538-O-3-27,490003099W,490009032W,255,tfl_21-464-_-y05-55538.xml
RL_21-464-_-y05-55538-O-3-28,490009032W,490003095W,1110,tfl_21-464-_-y05-55538.xml
RL_21-464-_-y05-55538-O-3-29,490003095W,490015533S1,1790,tfl_21-464-_-y05-55538.xml
RL_21-464-_-y05-55538-O-3-30,490015533S1,490002038B,378,tfl_21-464-_-y05-55538.xml
RL_21-464-_-y05-55538-O-3-31,490002038B,490004843S,304,tfl_21-464-_-y05-55538.xml
RL_21-464-_-y05-55538-O-3-32,490004843S,490013672E,549,tfl_21-464-_-y05-55538.xml
RL_21-464-_-y05-55538-O-3-33,490013672E,490015467Z,962,tfl_21-464-_-y05-55538.xml
RL_21-464-_-y05-55538-O-3-34,490015467Z,490011493S,312,tfl_21-464-_-y05-55538.xml
RL_21-464-_-y05-55538-O-3-35,490011493S,490004680W,374,tfl_21-464-_-y05-55538.xml
RL_21-464-_-y05-55538-O-3-36,490004680W,490009926W,261,tfl_21-464-_-y05-55538.xml
RL_21-464-_-y05-55538-O-3-37,490009926W,490004928N,412,tfl_21-464-_-y05-55538.xml
RL_21-464-_-y05-55538-O-3-38,490004928N,490010848N,431,tfl_21-464-_-y05-55538.xml
RL_21-464-_-y05-55539-I-1-1,490010848S,490004928Z,374,tfl_21-464-_-y05-55539.xml
RL_21-464-_-y05-55539-I-1-2,490004928Z,490012660E,189,tfl_21-464-_-y05-55539.xml
RL_21-464-_-y05-55539-I-1-3,490012660E,490009926E,226,tfl_21-464-_-y05-55539.xml
RL_21-464-_-y05-55539-I-1-4,490009926E,490004680E,293,tfl_21-464-_-y05-55539.xml
RL_21-464-_-y05-55539-I-1-5,490004680E,490011493N,399,tfl_21-464-_-y05-55539.xml
RL_21-464-_-y05-55539-I-1-6,490011493N,490015467N,207,tfl_21-464-_-y05-55539.xml
RL_21-464-_-y05-55539-I-1-7,490015467N,490003945W,1185,tfl_21-464-_-y05-55539.xml
RL_21-464-_-y05-55539-I-1-8,490003945W,490013322N,347,tfl_21-464-_-y05-55539.xml
RL_21-464-_-y05-55539-I-1-9,490013322N,490002038A,448,tfl_21-464-_-y05-55539.xml
RL_21-464-_-y05-55539-I-1-10,490002038A,490003095E,2063,tfl_21-464-_-y05-55539.xml
RL_21-464-_-y05-55539-I-1-11,490003095E,490009032E,1171,tfl_21-464-_-y05-55539.xml
RL_21-464-_-y05-55539-I-1-12,490009032E,490003099N,206,tfl_21-464-_-y05-55539.xml
RL_21-464-_-y05-55539-I-1-13,490003099N,490003097E,232,tfl_21-464-_-y05-55539.xml
RL_21-464-_-y05-55539-I-1-14,490003097E,490005544E,196,tfl_21-464-_-y05-55539.xml
RL_21-464-_-y05-55539-I-1-15,490005544E,490007871E,898,tfl_21-464-_-y05-55539.xml
RL_21-464-_-y05-55539-I-1-16,490007871E,490008678S,1281,tfl_21-464-_-y05-55539.xml
RL_21-464-_-y05-55539-I-1-17,490008678S,490015686S,312,tfl_21-464-_-y05-55539.xml
RL_21-464-_-y05-55539-I-1-18,490015686S,490008684N1,290,tfl_21-464-_-y05-55539.xml
RL_21-464-_-y05-55539-I-1-19,490008684N1,490008000S2,180,tfl_21-464-_-y05-55539.xml
RL_21-464-_-y05-55539-I-1-20,490008000S2,490006165S,1171,tfl_21-464-_-y05-55539.xml
RL_21-464-_-y05-55539-I-1-21,490006165S,490004073S,390,tfl_21-464-_-y05-55539.xml
RL_21-464-_-y05-55539-I-1-22,490004073S,490009051S,494,tfl_21-464-_-y05-55539.xml
RL_21-464-_-y05-55539-I-1-23,490009051S,490009878S,376,tfl_21-464-_-y05-55539.xml
RL_21-464-_-y05-55539-I-1-24,490009878S,490003993S,489,tfl_21-464-_-y05-55539.xml
RL_21-464-_-y05-55539-I-1-25,490003993S,490007746S,446,tfl_21-464-_-y05-55539.xml
RL_21-464-_-y05-55539-I-1-26,490007746S,490002120Z,186,tfl_21-464-_-y05-55539.xml
RL_21-464-_-y05-55539-I-1-27,490002120Z,490011874S,317,tfl_21-464-_-y05-55539.xml
RL_21-464-_-y05-55539-I-1-28,490011874S,490013017S,462,tfl_21-464-_-y05-55539.xml
RL_21-464-_-y05-55539-I-1-29,490013017S,490008533S,752,tfl_21-464-_-y05-55539.xml
RL_21-464-_-y05-55539-I-2-30,490008533S,490003994S,555,tfl_21-464-_-y05-55539.xml
RL_21-464-_-y05-55539-I-2-31,490003994S,490012824S,665,tfl_21-464-_-y05-55539.xml
RL_21-464-_-y05-55539-I-2-32,490012824S,490011693S,355,tfl_21-464-_-y05-55539.xml
RL_21-464-_-y05-55539-I-2-33,490011693S,490013114E,186,tfl_21-464-_-y05-55539.xml
RL_21-464-_-y05-55539-I-2-34,490013114E,40004410805F,1096,tfl_21-464-_-y05-55539.xml
RL_21-464-_-y05-55539-I-2-35,40004410805F,40004410134A,462,tfl_21-464-_-y05-55539.xml
RL_21-464-_-y05-55539-I-2-36,40004410134A,40004410805G,399,tfl_21-464-_-y05-55539.xml
RL_21-464-_-y05-55539-I-2-37,40004410805G,40004410805H,575,tfl_21-464-_-y05-55539.xml
RL_21-464-_-y05-55539-I-2-38,40004410805H,40004410135A,492,tfl_21-464-_-y05-55539.xml
RL_21-464-_-y05-55539-O-3-1,40004410135A,40004410805A,395,tfl_21-464-_-y05-55539.xml
RL_21-464-_-y05-55539-O-3-2,40004410805A,40004410805B,582,tfl_21-464-_-y05-55539.xml
RL_21-464-_-y05-55539-O-3-3,40004410805B,40004410805C,386,tfl_21-464-_-y05-55539.xml
RL_21-464-_-y05-55539-O-3-4,40004410805C,40004410805D,246,tfl_21-464-_-y05-55539.xml
RL_21-464-_-y05-55539-O-3-5,40004410805D,490005009W,1207,tfl_21-464-_-y05-55539.xml
RL_21-464-_-y05-55539-O-3-6,490005009W,490013114W,210,tfl_21-464-_-y05-55539.xml
RL_21-464-_-y05-55539-O-3-7,490013114W,490011693N3,176,tfl_21-464-_-y05-55539.xml
RL_21-464-_-y05-55539-O-3-8,490011693N3,490012824N,278,tfl_21-464-_-y05-55539.xml
RL_21-464-_-y05-55539-O-3-9,490012824N,490003994E,614,tfl_21-464-_-y05-55539.xml
RL_21-464-_-y05-55539-O-3-10,490003994E,490009625N,224,tfl_21-464-_-y05-55539.xml
RL_21-464-_-y05-55539-O-3-11,490009625N,490008533N,400,tfl_21-464-_-y05-55539.xml
RL_21-464-_-y05-55539-O-3-12,490008533N,490013017N,793,tfl_21-464-_-y05-55539.xml
RL_21-464-_-y05-55539-O-3-13,490013017N,490011874N,452,tfl_21-464-_-y05-55539.xml
RL_21-464-_-y05-55539-O-3-14,490011874N,490007746N,383,tfl_21-464-_-y05-55539.xml
RL_21-464-_-y05-55539-O-3-15,490007746N,490003993N,370,tfl_21-464-_-y05-55539.xml
RL_21-464-_-y05-55539-O-3-16,490003993N,490009878N,669,tfl_21-464-_-y05-55539.xml
RL_21-464-_-y05-55539-O-3-17,490009878N,490009051N,354,tfl_21-464-_-y05-55539.xml
RL_21-464-_-y05-55539-O-3-18,490009051N,490004073N,488,tfl_21-464-_-y05-55539.xml
RL_21-464-_-y05-55539-O-3-19,490004073N,490008680N,670,tfl_21-464-_-y05-55539.xml
RL_21-464-_-y05-55539-O-3-20,490008680N,490008000N2,788,tfl_21-464-_-y05-55539.xml
RL_21-464-_-y05-55539-O-3-21,490008000N2,490008684N2,286,tfl_21-464-_-y05-55539.xml
RL_21-464-_-y05-55539-O-3-22,490008684N2,490015686N,379,tfl_21-464-_-y05-55539.xml
RL_21-464-_-y05-55539-O-3-23,490015686N,490008678N,340,tfl_21-464-_-y05-55539.xml
RL_21-464-_-y05-55539-O-3-24,490008678N,490007871W,1301,tfl_21-464-_-y05-55539.xml
RL_21-464-_-y05-55539-O-3-25,490007871W,490005544W,749,tfl_21-464-_-y05-55539.xml
RL_21-464-_-y05-55539-O-3-26,490005544W,490003099W,442,tfl_21-464-_-y05-55539.xml
RL_21-464-_-y05-55539-O-3-27,490003099W,490009032W,255,tfl_21-464-_-y05-55539.xml
RL_21-464-_-y05-55539-O-3-28,490009032W,490003095W,1110,tfl_21-464-_-y05-55539.xml
RL_21-464-_-y05-55539-O-3-29,490003095W,490015533S1,1790,tfl_21-464-_-y05-55539.xml
RL_21-464-_-y05-55539-O-3-30,490015533S1,490002038B,378,tfl_21-464-_-y05-55539.xml
RL_21-464-_-y05-55539-O-3-31,490002038B,490004843S,304,tfl_21-464-_-y05-55539.xml
RL_21-464-_-y05-55539-O-3-32,490004843S,490013672E,549,tfl_21-464-_-y05-55539.xml
RL_21-464-_-y05-55539-O-3-33,490013672E,490015467Z,962,tfl_21-464-_-y05-55539.xml
RL_21-464-_-y05-55539-O-3-34,490015467Z,490011493S,312,tfl_21-464-_-y05-55539.xml
RL_21-464-_-y05-55539-O-3-35,490011493S,490004680W,374,tfl_21-464-_-y05-55539.xml
RL_21-464-_-y05-55539-O-3-36,490004680W,490009926W,261,tfl_21-464-_-y05-55539.xml
RL_21-464-_-y05-55539-O-3-37,490009926W,490004928N,412,tfl_21-464-_-y05-55539.xml
RL_21-464-_-y05-55539-O-3-38,490004928N,490010848N,431,tfl_21-464-_-y05-55539.xml
RL_21-465-_-y05-7-I-1-1,40004408085A,40004408088A,348,tfl_21-465-_-y05-7_b3z8CFQ.xml
RL_21-465-_-y05-7-I-1-2,40004408088A,40004408110A,449,tfl_21-465-_-y05-7_b3z8CFQ.xml
RL_21-465-_-y05-7-I-1-3,40004408110A,40004408111A,401,tfl_21-465-_-y05-7_b3z8CFQ.xml
RL_21-465-_-y05-7-I-1-4,40004408111A,40004408112B,277,tfl_21-465-_-y05-7_b3z8CFQ.xml
RL_21-465-_-y05-7-I-1-5,40004408112B,40004408113B,204,tfl_21-465-_-y05-7_b3z8CFQ.xml
RL_21-465-_-y05-7-I-1-6,40004408113B,40004408240B,616,tfl_21-465-_-y05-7_b3z8CFQ.xml
RL_21-465-_-y05-7-I-1-7,40004408240B,40004408128A,575,tfl_21-465-_-y05-7_b3z8CFQ.xml
RL_21-465-_-y05-7-I-1-8,40004408128A,40004408129A,849,tfl_21-465-_-y05-7_b3z8CFQ.xml
RL_21-465-_-y05-7-I-1-9,40004408129A,40004408130B,437,tfl_21-465-_-y05-7_b3z8CFQ.xml
RL_21-465-_-y05-7-I-1-10,40004408130B,40004408223A,378,tfl_21-465-_-y05-7_b3z8CFQ.xml
RL_21-465-_-y05-7-I-1-11,40004408223A,40004408131A,346,tfl_21-465-_-y05-7_b3z8CFQ.xml
RL_21-465-_-y05-7-I-1-12,40004408131A,40004408239A,295,tfl_21-465-_-y05-7_b3z8CFQ.xml
RL_21-465-_-y05-7-I-1-13,40004408239A,40004408132A,470,tfl_21-465-_-y05-7_b3z8CFQ.xml
RL_21-465-_-y05-7-I-1-14,40004408132A,40004408133A,584,tfl_21-465-_-y05-7_b3z8CFQ.xml
RL_21-465-_-y05-7-I-1-15,40004408133A,40004408134A,1501,tfl_21-465-_-y05-7_b3z8CFQ.xml
RL_21-465-_-y05-7-I-1-16,40004408134A,40004408172A,1742,tfl_21-465-_-y05-7_b3z8CFQ.xml
RL_21-465-_-y05-7-I-1-17,40004408172A,40004408173A,443,tfl_21-465-_-y05-7_b3z8CFQ.xml
RL_21-465-_-y05-7-I-1-18,40004408173A,40004408174A,951,tfl_21-465-_-y05-7_b3z8CFQ.xml
RL_21-465-_-y05-7-I-1-19,40004408174A,40004408175A,504,tfl_21-465-_-y05-7_b3z8CFQ.xml
RL_21-465-_-y05-7-I-1-20,40004408175A,40004408176A,315,tfl_21-465-_-y05-7_b3z8CFQ.xml
RL_21-465-_-y05-7-I-1-21,40004408176A,40004408237A,427,tfl_21-465-_-y05-7_b3z8CFQ.xml
RL_21-465-_-y05-7-I-1-22,40004408237A,40004408187A,376,tfl_21-465-_-y05-7_b3z8CFQ.xml
RL_21-465-_-y05-7-I-1-23,40004408187A,40004408188A,339,tfl_21-465-_-y05-7_b3z8CFQ.xml
RL_21-465-_-y05-7-I-1-24,40004408188A,40004408189A,636,tfl_21-465-_-y05-7_b3z8CFQ.xml
RL_21-465-_-y05-7-I-1-25,40004408189A,40004408234A,306,tfl_21-465-_-y05-7_b3z8CFQ.xml
RL_21-465-_-y05-7-I-1-26,40004408234A,40004408191A,167,tfl_21-465-_-y05-7_b3z8CFQ.xml
RL_21-465-_-y05-7-I-1-27,40004408191A,40004408226A,319,tfl_21-465-_-y05-7_b3z8CFQ.xml
RL_21-465-_-y05-7-I-1-28,40004408226A,40004408192A,1070,tfl_21-465-_-y05-7_b3z8CFQ.xml
RL_21-465-_-y05-7-I-1-29,40004408192A,40004408959A,630,tfl_21-465-_-y05-7_b3z8CFQ.xml
RL_21-465-_-y05-7-I-1-30,40004408959A,490013552N,1390,tfl_21-465-_-y05-7_b3z8CFQ.xml
RL_21-465-_-y05-7-I-1-31,490013552N,490011796N,273,tfl_21-465-_-y05-7_b3z8CFQ.xml
RL_21-465-_-y05-7-I-1-32,490011796N,490020192N,484,tfl_21-465-_-y05-7_b3z8CFQ.xml
RL_21-465-_-y05-7-I-1-33,490020192N,490005121X,704,tfl_21-465-_-y05-7_b3z8CFQ.xml
RL_21-465-_-y05-7-I-1-34,490005121X,490003663X,383,tfl_21-465-_-y05-7_b3z8CFQ.xml
RL_21-465-_-y05-7-I-1-35,490003663X,490009048C,244,tfl_21-465-_-y05-7_b3z8CFQ.xml
RL_21-465-_-y05-7-I-1-36,490009048C,490006490L,518,tfl_21-465-_-y05-7_b3z8CFQ.xml
RL_21-465-_-y05-7-I-1-37,490006490L,490009615P,461,tfl_21-465-_-y05-7_b3z8CFQ.xml
RL_21-465-_-y05-7-I-1-38,490009615P,490013597N,249,tfl_21-465-_-y05-7_b3z8CFQ.xml
RL_21-465-_-y05-7-I-1-39,490013597N,490008338N,224,tfl_21-465-_-y05-7_b3z8CFQ.xml
RL_21-465-_-y05-7-I-1-40,490008338N,490013474N,336,tfl_21-465-_-y05-7_b3z8CFQ.xml
RL_21-465-_-y05-7-I-1-41,490013474N,490006501N,303,tfl_21-465-_-y05-7_b3z8CFQ.xml
RL_21-465-_-y05-7-I-1-42,490006501N,490007205N,294,tfl_21-465-_-y05-7_b3z8CFQ.xml
RL_21-465-_-y05-7-I-1-43,490007205N,490013628N,378,tfl_21-465-_-y05-7_b3z8CFQ.xml
RL_21-465-_-y05-7-I-1-44,490013628N,490013457N,361,tfl_21-465-_-y05-7_b3z8CFQ.xml
RL_21-465-_-y05-7-I-1-45,490013457N,490008949N,416,tfl_21-465-_-y05-7_b3z8CFQ.xml
RL_21-465-_-y05-7-I-1-46,490008949N,490010075N,293,tfl_21-465-_-y05-7_b3z8CFQ.xml
RL_21-465-_-y05-7-I-1-47,490010075N,490009395N,406,tfl_21-465-_-y05-7_b3z8CFQ.xml
RL_21-465-_-y05-7-I-1-48,490009395N,490013036H,183,tfl_21-465-_-y05-7_b3z8CFQ.xml
RL_21-465-_-y05-7-I-1-49,490013036H,490001285C,267,tfl_21-465-_-y05-7_b3z8CFQ.xml
RL_21-465-_-y05-7-I-1-50,490001285C,490015165A,159,tfl_21-465-_-y05-7_b3z8CFQ.xml
RL_21-465-_-y05-7-I-1-51,490015165A,490013315N,264,tfl_21-465-_-y05-7_b3z8CFQ.xml
RL_21-465-_-y05-7-I-1-52,490013315N,490009627N,279,tfl_21-465-_-y05-7_b3z8CFQ.xml
RL_21-465-_-y05-7-I-1-53,490009627N,490013035N,448,tfl_21-465-_-y05-7_b3z8CFQ.xml
RL_21-465-_-y05-7-I-1-54,490013035N,490013037W,287,tfl_21-465-_-y05-7_b3z8CFQ.xml
RL_21-465-_-y05-7-I-1-55,490013037W,490006364N,400,tfl_21-465-_-y05-7_b3z8CFQ.xml
RL_21-465-_-y05-7-I-1-56,490006364N,490007595K,306,tfl_21-465-_-y05-7_b3z8CFQ.xml
RL_21-465-_-y05-7-I-1-57,490007595K,490006412E3,408,tfl_21-465-_-y05-7_b3z8CFQ.xml
RL_21-465-_-y05-7-I-1-58,490006412E3,490005800A2,375,tfl_21-465-_-y05-7_b3z8CFQ.xml
RL_21-465-_-y05-7-O-2-1,490005800A16,490006412D1,755,tfl_21-465-_-y05-7_b3z8CFQ.xml
RL_21-465-_-y05-7-O-2-2,490006412D1,490006412H,259,tfl_21-465-_-y05-7_b3z8CFQ.xml
RL_21-465-_-y05-7-O-2-3,490006412H,490007595J,120,tfl_21-465-_-y05-7_b3z8CFQ.xml
RL_21-465-_-y05-7-O-2-4,490007595J,490006364S,288,tfl_21-465-_-y05-7_b3z8CFQ.xml
RL_21-465-_-y05-7-O-2-5,490006364S,490014817S,264,tfl_21-465-_-y05-7_b3z8CFQ.xml
RL_21-465-_-y05-7-O-2-6,490014817S,490013037E,199,tfl_21-465-_-y05-7_b3z8CFQ.xml
RL_21-465-_-y05-7-O-2-7,490013037E,490013034S,340,tfl_21-465-_-y05-7_b3z8CFQ.xml
RL_21-465-_-y05-7-O-2-8,490013034S,490009627S,222,tfl_21-465-_-y05-7_b3z8CFQ.xml
RL_21-465-_-y05-7-O-2-9,490009627S,490013315S,376,tfl_21-465-_-y05-7_b3z8CFQ.xml
RL_21-465-_-y05-7-O-2-10,490013315S,490015165B,214,tfl_21-465-_-y05-7_b3z8CFQ.xml
RL_21-465-_-y05-7-O-2-11,490015165B,490001285D,184,tfl_21-465-_-y05-7_b3z8CFQ.xml
RL_21-465-_-y05-7-O-2-12,490001285D,490013036G,178,tfl_21-465-_-y05-7_b3z8CFQ.xml
RL_21-465-_-y05-7-O-2-13,490013036G,490009395S,276,tfl_21-465-_-y05-7_b3z8CFQ.xml
RL_21-465-_-y05-7-O-2-14,490009395S,490010075S,215,tfl_21-465-_-y05-7_b3z8CFQ.xml
RL_21-465-_-y05-7-O-2-15,490010075S,490018574S,281,tfl_21-465-_-y05-7_b3z8CFQ.xml
RL_21-465-_-y05-7-O-2-16,490018574S,490008949S,212,tfl_21-465-_-y05-7_b3z8CFQ.xml
RL_21-465-_-y05-7-O-2-17,490008949S,490006089S,222,tfl_21-465-_-y05-7_b3z8CFQ.xml
RL_21-465-_-y05-7-O-2-18,490006089S,490013457HU,321,tfl_21-465-_-y05-7_b3z8CFQ.xml
RL_21-465-_-y05-7-O-2-19,490013457HU,490013628S,232,tfl_21-465-_-y05-7_b3z8CFQ.xml
RL_21-465-_-y05-7-O-2-20,490013628S,490007205S,354,tfl_21-465-_-y05-7_b3z8CFQ.xml
RL_21-465-_-y05-7-O-2-21,490007205S,490006501S,310,tfl_21-465-_-y05-7_b3z8CFQ.xml
RL_21-465-_-y05-7-O-2-22,490006501S,490013474S,314,tfl_21-465-_-y05-7_b3z8CFQ.xml
RL_21-465-_-y05-7-O-2-23,490013474S,490008338S1,271,tfl_21-465-_-y05-7_b3z8CFQ.xml
RL_21-465-_-y05-7-O-2-24,490008338S1,490013597Q,302,tfl_21-465-_-y05-7_b3z8CFQ.xml
RL_21-465-_-y05-7-O-2-25,490013597Q,490004328N,375,tfl_21-465-_-y05-7_b3z8CFQ.xml
RL_21-465-_-y05-7-O-2-26,490004328N,490006490M,245,tfl_21-465-_-y05-7_b3z8CFQ.xml
RL_21-465-_-y05-7-O-2-27,490006490M,490009048D,416,tfl_21-465-_-y05-7_b3z8CFQ.xml
RL_21-465-_-y05-7-O-2-28,490009048D,490003663W,402,tfl_21-465-_-y05-7_b3z8CFQ.xml
RL_21-465-_-y05-7-O-2-29,490003663W,490005121Y,357,tfl_21-465-_-y05-7_b3z8CFQ.xml
RL_21-465-_-y05-7-O-2-30,490005121Y,490020192S,883,tfl_21-465-_-y05-7_b3z8CFQ.xml
RL_21-465-_-y05-7-O-2-31,490020192S,490011796S,302,tfl_21-465-_-y05-7_b3z8CFQ.xml
RL_21-465-_-y05-7-O-2-32,490011796S,490013552S,338,tfl_21-465-_-y05-7_b3z8CFQ.xml
RL_21-465-_-y05-7-O-2-33,490013552S,40004408959B,1390,tfl_21-465-_-y05-7_b3z8CFQ.xml
RL_21-465-_-y05-7-O-2-34,40004408959B,40004408192B,592,tfl_21-465-_-y05-7_b3z8CFQ.xml
RL_21-465-_-y05-7-O-2-35,40004408192B,40004408226B,1160,tfl_21-465-_-y05-7_b3z8CFQ.xml
RL_21-465-_-y05-7-O-2-36,40004408226B,40004408191B,470,tfl_21-465-_-y05-7_b3z8CFQ.xml
RL_21-465-_-y05-7-O-2-37,40004408191B,40004408189B,472,tfl_21-465-_-y05-7_b3z8CFQ.xml
RL_21-465-_-y05-7-O-2-38,40004408189B,40004408188B,589,tfl_21-465-_-y05-7_b3z8CFQ.xml
RL_21-465-_-y05-7-O-2-39,40004408188B,40004408187B,393,tfl_21-465-_-y05-7_b3z8CFQ.xml
RL_21-465-_-y05-7-O-2-40,40004408187B,40004408176B,419,tfl_21-465-_-y05-7_b3z8CFQ.xml
RL_21-465-_-y05-7-O-2-41,40004408176B,40004408175B,208,tfl_21-465-_-y05-7_b3z8CFQ.xml
RL_21-465-_-y05-7-O-2-42,40004408175B,40004408174B,457,tfl_21-465-_-y05-7_b3z8CFQ.xml
RL_21-465-_-y05-7-O-2-43,40004408174B,40004408173B,1017,tfl_21-465-_-y05-7_b3z8CFQ.xml
RL_21-465-_-y05-7-O-2-44,40004408173B,40004408172B,385,tfl_21-465-_-y05-7_b3z8CFQ.xml
RL_21-465-_-y05-7-O-2-45,40004408172B,40004408134B,1898,tfl_21-465-_-y05-7_b3z8CFQ.xml
RL_21-465-_-y05-7-O-2-46,40004408134B,40004408133B,1269,tfl_21-465-_-y05-7_b3z8CFQ.xml
RL_21-465-_-y05-7-O-2-47,40004408133B,40004408132B,664,tfl_21-465-_-y05-7_b3z8CFQ.xml
RL_21-465-_-y05-7-O-2-48,40004408132B,40004408131B,791,tfl_21-465-_-y05-7_b3z8CFQ.xml
RL_21-465-_-y05-7-O-2-49,40004408131B,40004408016A,320,tfl_21-465-_-y05-7_b3z8CFQ.xml
RL_21-465-_-y05-7-O-2-50,40004408016A,40004408130A,385,tfl_21-465-_-y05-7_b3z8CFQ.xml
RL_21-465-_-y05-7-O-2-51,40004408130A,40004408129B,353,tfl_21-465-_-y05-7_b3z8CFQ.xml
RL_21-465-_-y05-7-O-2-52,40004408129B,40004408238A,312,tfl_21-465-_-y05-7_b3z8CFQ.xml
RL_21-465-_-y05-7-O-2-53,40004408238A,40004408128B,638,tfl_21-465-_-y05-7_b3z8CFQ.xml
RL_21-465-_-y05-7-O-2-54,40004408128B,40004408240A,396,tfl_21-465-_-y05-7_b3z8CFQ.xml
RL_21-465-_-y05-7-O-2-55,40004408240A,40004408115B,194,tfl_21-465-_-y05-7_b3z8CFQ.xml
RL_21-465-_-y05-7-O-2-56,40004408115B,40004408114A,393,tfl_21-465-_-y05-7_b3z8CFQ.xml
RL_21-465-_-y05-7-O-2-57,40004408114A,40004408113A,402,tfl_21-465-_-y05-7_b3z8CFQ.xml
RL_21-465-_-y05-7-O-2-58,40004408113A,40004408112A,226,tfl_21-465-_-y05-7_b3z8CFQ.xml
RL_21-465-_-y05-7-O-2-59,40004408112A,40004408111B,312,tfl_21-465-_-y05-7_b3z8CFQ.xml
RL_21-465-_-y05-7-O-2-60,40004408111B,40004408086A,312,tfl_21-465-_-y05-7_b3z8CFQ.xml
RL_21-465-_-y05-7-O-2-61,40004408086A,40004408086B,385,tfl_21-465-_-y05-7_b3z8CFQ.xml
RL_21-R68-_-y05-58885-I-1-1,40004405136E,490007713E,379,tfl_21-R68-_-y05-58885.xml
RL_21-R68-_-y05-58885-I-1-2,490007713E,490007734W,262,tfl_21-R68-_-y05-58885.xml
RL_21-R68-_-y05-58885-I-1-3,490007734W,490013570W,423,tfl_21-R68-_-y05-58885.xml
RL_21-R68-_-y05-58885-I-1-4,490013570W,490007125W,506,tfl_21-R68-_-y05-58885.xml
RL_21-R68-_-y05-58885-I-1-5,490007125W,490007725N,344,tfl_21-R68-_-y05-58885.xml
RL_21-R68-_-y05-58885-I-1-6,490007725N,490010757N,238,tfl_21-R68-_-y05-58885.xml
RL_21-R68-_-y05-58885-I-1-7,490010757N,490007736N,287,tfl_21-R68-_-y05-58885.xml
RL_21-R68-_-y05-58885-I-1-8,490007736N,490013975N,501,tfl_21-R68-_-y05-58885.xml
RL_21-R68-_-y05-58885-I-1-9,490013975N,490007733N,256,tfl_21-R68-_-y05-58885.xml
RL_21-R68-_-y05-58885-I-1-10,490007733N,490007732N,107,tfl_21-R68-_-y05-58885.xml
RL_21-R68-_-y05-58885-I-1-11,490007732N,490010806N,314,tfl_21-R68-_-y05-58885.xml
RL_21-R68-_-y05-58885-I-1-12,490010806N,490008814E,339,tfl_21-R68-_-y05-58885.xml
RL_21-R68-_-y05-58885-I-1-13,490008814E,490010685E,209,tfl_21-R68-_-y05-58885.xml
RL_21-R68-_-y05-58885-I-1-14,490010685E,490010157E,188,tfl_21-R68-_-y05-58885.xml
RL_21-R68-_-y05-58885-I-1-15,490010157E,490013175E,353,tfl_21-R68-_-y05-58885.xml
RL_21-R68-_-y05-58885-I-1-16,490013175E,490004377E,289,tfl_21-R68-_-y05-58885.xml
RL_21-R68-_-y05-58885-I-1-17,490004377E,490013172C,281,tfl_21-R68-_-y05-58885.xml
RL_21-R68-_-y05-58885-I-1-18,490013172C,490004709E,399,tfl_21-R68-_-y05-58885.xml
RL_21-R68-_-y05-58885-I-1-19,490004709E,490013174E,238,tfl_21-R68-_-y05-58885.xml
RL_21-R68-_-y05-58885-I-1-20,490013174E,490009577N,449,tfl_21-R68-_-y05-58885.xml
RL_21-R68-_-y05-58885-I-1-21,490009577N,490007558N,177,tfl_21-R68-_-y05-58885.xml
RL_21-R68-_-y05-58885-I-1-22,490007558N,490009527SV,460,tfl_21-R68-_-y05-58885.xml
RL_21-R68-_-y05-58885-I-1-23,490009527SV,490009848N,138,tfl_21-R68-_-y05-58885.xml
RL_21-R68-_-y05-58885-I-1-24,490009848N,490011104N,401,tfl_21-R68-_-y05-58885.xml
RL_21-R68-_-y05-58885-I-1-25,490011104N,490011148R,425,tfl_21-R68-_-y05-58885.xml
RL_21-R68-_-y05-58885-I-1-26,490011148R,490015022H,395,tfl_21-R68-_-y05-58885.xml
RL_21-R68-_-y05-58885-I-1-27,490015022H,490009053E,320,tfl_21-R68-_-y05-58885.xml
RL_21-R68-_-y05-58885-I-1-28,490009053E,490005841R,199,tfl_21-R68-_-y05-58885.xml
RL_21-R68-_-y05-58885-I-1-29,490005841R,490005841U,396,tfl_21-R68-_-y05-58885.xml
RL_21-R68-_-y05-58885-I-1-30,490005841U,490012460N,313,tfl_21-R68-_-y05-58885.xml
RL_21-R68-_-y05-58885-I-1-31,490012460N,490005755E,399,tfl_21-R68-_-y05-58885.xml
RL_21-R68-_-y05-58885-I-1-32,490005755E,490007166B,727,tfl_21-R68-_-y05-58885.xml
RL_21-R68-_-y05-58885-I-1-33,490007166B,490013511C,316,tfl_21-R68-_-y05-58885.xml
RL_21-R68-_-y05-58885-I-1-34,490013511C,490011557E,541,tfl_21-R68-_-y05-58885.xml
RL_21-R68-_-y05-58885-I-1-35,490011557E,490012048E,200,tfl_21-R68-_-y05-58885.xml
RL_21-R68-_-y05-58885-I-1-36,490012048E,490009547SA,317,tfl_21-R68-_-y05-58885.xml
RL_21-R68-_-y05-58885-I-1-37,490009547SA,490015035SL,223,tfl_21-R68-_-y05-58885.xml
RL_21-R68-_-y05-58885-I-1-38,490015035SL,490009670E,330,tfl_21-R68-_-y05-58885.xml
RL_21-R68-_-y05-58885-I-1-39,490009670E,490010049N,256,tfl_21-R68-_-y05-58885.xml
RL_21-R68-_-y05-58885-I-1-40,490010049N,490016329N,212,tfl_21-R68-_-y05-58885.xml
RL_21-R68-_-y05-58885-I-1-41,490016329N,490016328W,669,tfl_21-R68-_-y05-58885.xml
RL_21-R68-_-y05-58885-I-1-42,490016328W,490018678W,60,tfl_21-R68-_-y05-58885.xml
RL_21-R68-_-y05-58885-I-1-43,490018678W,490016327N,184,tfl_21-R68-_-y05-58885.xml
RL_21-R68-_-y05-58885-I-1-44,490016327N,490016326S,403,tfl_21-R68-_-y05-58885.xml
RL_21-R68-_-y05-58885-O-2-1,490016326S,490016327S,384,tfl_21-R68-_-y05-58885.xml
RL_21-R68-_-y05-58885-O-2-2,490016327S,490018678E,240,tfl_21-R68-_-y05-58885.xml
RL_21-R68-_-y05-58885-O-2-3,490018678E,490016328S,198,tfl_21-R68-_-y05-58885.xml
RL_21-R68-_-y05-58885-O-2-4,490016328S,490016329S,494,tfl_21-R68-_-y05-58885.xml
RL_21-R68-_-y05-58885-O-2-5,490016329S,490010049W,177,tfl_21-R68-_-y05-58885.xml
RL_21-R68-_-y05-58885-O-2-6,490010049W,490009561W,383,tfl_21-R68-_-y05-58885.xml
RL_21-R68-_-y05-58885-O-2-7,490009561W,490009547SB,479,tfl_21-R68-_-y05-58885.xml
RL_21-R68-_-y05-58885-O-2-8,490009547SB,490012048SK,202,tfl_21-R68-_-y05-58885.xml
RL_21-R68-_-y05-58885-O-2-9,490012048SK,490011557W,360,tfl_21-R68-_-y05-58885.xml
RL_21-R68-_-y05-58885-O-2-10,490011557W,490000192S,382,tfl_21-R68-_-y05-58885.xml
RL_21-R68-_-y05-58885-O-2-11,490000192S,490013511F,155,tfl_21-R68-_-y05-58885.xml
RL_21-R68-_-y05-58885-O-2-12,490013511F,490011556J,498,tfl_21-R68-_-y05-58885.xml
RL_21-R68-_-y05-58885-O-2-13,490011556J,490005755W,657,tfl_21-R68-_-y05-58885.xml
RL_21-R68-_-y05-58885-O-2-14,490005755W,490004705W,211,tfl_21-R68-_-y05-58885.xml
RL_21-R68-_-y05-58885-O-2-15,490004705W,490012460S,278,tfl_21-R68-_-y05-58885.xml
RL_21-R68-_-y05-58885-O-2-16,490012460S,490005841T,312,tfl_21-R68-_-y05-58885.xml
RL_21-R68-_-y05-58885-O-2-17,490005841T,490018556E,279,tfl_21-R68-_-y05-58885.xml
RL_21-R68-_-y05-58885-O-2-18,490018556E,490009053W,320,tfl_21-R68-_-y05-58885.xml
RL_21-R68-_-y05-58885-O-2-19,490009053W,490015022W,332,tfl_21-R68-_-y05-58885.xml
RL_21-R68-_-y05-58885-O-2-20,490015022W,490001148Z,278,tfl_21-R68-_-y05-58885.xml
RL_21-R68-_-y05-58885-O-2-21,490001148Z,490011104S,358,tfl_21-R68-_-y05-58885.xml
RL_21-R68-_-y05-58885-O-2-22,490011104S,490009848S,378,tfl_21-R68-_-y05-58885.xml
RL_21-R68-_-y05-58885-O-2-23,490009848S,490009527ST,259,tfl_21-R68-_-y05-58885.xml
RL_21-R68-_-y05-58885-O-2-24,490009527ST,490007558S,561,tfl_21-R68-_-y05-58885.xml
RL_21-R68-_-y05-58885-O-2-25,490007558S,490009577S,90,tfl_21-R68-_-y05-58885.xml
RL_21-R68-_-y05-58885-O-2-26,490009577S,490012507W,482,tfl_21-R68-_-y05-58885.xml
RL_21-R68-_-y05-58885-O-2-27,490012507W,490004709W,297,tfl_21-R68-_-y05-58885.xml
RL_21-R68-_-y05-58885-O-2-28,490004709W,490013172D,231,tfl_21-R68-_-y05-58885.xml
RL_21-R68-_-y05-58885-O-2-29,490013172D,490004377F,381,tfl_21-R68-_-y05-58885.xml
RL_21-R68-_-y05-58885-O-2-30,490004377F,490013175W,272,tfl_21-R68-_-y05-58885.xml
RL_21-R68-_-y05-58885-O-2-31,490013175W,490010157W,263,tfl_21-R68-_-y05-58885.xml
RL_21-R68-_-y05-58885-O-2-32,490010157W,490010685W,421,tfl_21-R68-_-y05-58885.xml
RL_21-R68-_-y05-58885-O-2-33,490010685W,490010806S,393,tfl_21-R68-_-y05-58885.xml
RL_21-R68-_-y05-58885-O-2-34,490010806S,490007732S,230,tfl_21-R68-_-y05-58885.xml
RL_21-R68-_-y05-58885-O-2-35,490007732S,490007733S,276,tfl_21-R68-_-y05-58885.xml
RL_21-R68-_-y05-58885-O-2-36,490007733S,490013975S,380,tfl_21-R68-_-y05-58885.xml
RL_21-R68-_-y05-58885-O-2-37,490013975S,490007736S,419,tfl_21-R68-_-y05-58885.xml
RL_21-R68-_-y05-58885-O-2-38,490007736S,490010757S,256,tfl_21-R68-_-y05-58885.xml
RL_21-R68-_-y05-58885-O-2-39,490010757S,490007725S,203,tfl_21-R68-_-y05-58885.xml
RL_21-R68-_-y05-58885-O-2-40,490007725S,490007125E,248,tfl_21-R68-_-y05-58885.xml
RL_21-R68-_-y05-58885-O-2-41,490007125E,490012423E,305,tfl_21-R68-_-y05-58885.xml
RL_21-R68-_-y05-58885-O-2-42,490012423E,490013570E,413,tfl_21-R68-_-y05-58885.xml
RL_21-R68-_-y05-58885-O-2-43,490013570E,490007734E,389,tfl_21-R68-_-y05-58885.xml
RL_21-R68-_-y05-58885-O-2-44,490007734E,490007713D,219,tfl_21-R68-_-y05-58885.xml
RL_21-R68-_-y05-58885-O-2-45,490007713D,490007729F,208,tfl_21-R68-_-y05-58885.xml
RL_21-R68-_-y05-58885-O-2-46,490007729F,40004405136E,302,tfl_21-R68-_-y05-58885.xml
RL_21-R68-_-y05-58885-I-1-1,40004405136E,490007713E,379,tfl_21-R68-_-y05-58885_glMYlIz.xml
RL_21-R68-_-y05-58885-I-1-2,490007713E,490007734W,262,tfl_21-R68-_-y05-58885_glMYlIz.xml
RL_21-R68-_-y05-58885-I-1-3,490007734W,490013570W,423,tfl_21-R68-_-y05-58885_glMYlIz.xml
RL_21-R68-_-y05-58885-I-1-4,490013570W,490007125W,506,tfl_21-R68-_-y05-58885_glMYlIz.xml
RL_21-R68-_-y05-58885-I-1-5,490007125W,490007725N,344,tfl_21-R68-_-y05-58885_glMYlIz.xml
RL_21-R68-_-y05-58885-I-1-6,490007725N,490010757N,238,tfl_21-R68-_-y05-58885_glMYlIz.xml
RL_21-R68-_-y05-58885-I-1-7,490010757N,490007736N,287,tfl_21-R68-_-y05-58885_glMYlIz.xml
RL_21-R68-_-y05-58885-I-1-8,490007736N,490013975N,501,tfl_21-R68-_-y05-58885_glMYlIz.xml
RL_21-R68-_-y05-58885-I-1-9,490013975N,490007733N,256,tfl_21-R68-_-y05-58885_glMYlIz.xml
RL_21-R68-_-y05-58885-I-1-10,490007733N,490007732N,107,tfl_21-R68-_-y05-58885_glMYlIz.xml
RL_21-R68-_-y05-58885-I-1-11,490007732N,490010806N,314,tfl_21-R68-_-y05-58885_glMYlIz.xml
RL_21-R68-_-y05-58885-I-1-12,490010806N,490008814E,339,tfl_21-R68-_-y05-58885_glMYlIz.xml
RL_21-R68-_-y05-58885-I-1-13,490008814E,490010685E,209,tfl_21-R68-_-y05-58885_glMYlIz.xml
RL_21-R68-_-y05-58885-I-1-14,490010685E,490010157E,188,tfl_21-R68-_-y05-58885_glMYlIz.xml
RL_21-R68-_-y05-58885-I-1-15,490010157E,490013175E,353,tfl_21-R68-_-y05-58885_glMYlIz.xml
RL_21-R68-_-y05-58885-I-1-16,490013175E,490004377E,289,tfl_21-R68-_-y05-58885_glMYlIz.xml
RL_21-R68-_-y05-58885-I-1-17,490004377E,490013172C,281,tfl_21-R68-_-y05-58885_glMYlIz.xml
RL_21-R68-_-y05-58885-I-1-18,490013172C,490004709E,399,tfl_21-R68-_-y05-58885_glMYlIz.xml
RL_21-R68-_-y05-58885-I-1-19,490004709E,490013174E,238,tfl_21-R68-_-y05-58885_glMYlIz.xml
RL_21-R68-_-y05-58885-I-1-20,490013174E,490009577N,449,tfl_21-R68-_-y05-58885_glMYlIz.xml
RL_21-R68-_-y05-58885-I-1-21,490009577N,490007558N,177,tfl_21-R68-_-y05-58885_glMYlIz.xml
RL_21-R68-_-y05-58885-I-1-22,490007558N,490009527SV,460,tfl_21-R68-_-y05-58885_glMYlIz.xml
RL_21-R68-_-y05-58885-I-1-23,490009527SV,490009848N,138,tfl_21-R68-_-y05-58885_glMYlIz.xml
RL_21-R68-_-y05-58885-I-1-24,490009848N,490011104N,401,tfl_21-R68-_-y05-58885_glMYlIz.xml
RL_21-R68-_-y05-58885-I-1-25,490011104N,490011148R,425,tfl_21-R68-_-y05-58885_glMYlIz.xml
RL_21-R68-_-y05-58885-I-1-26,490011148R,490015022H,395,tfl_21-R68-_-y05-58885_glMYlIz.xml
RL_21-R68-_-y05-58885-I-1-27,490015022H,490009053E,320,tfl_21-R68-_-y05-58885_glMYlIz.xml
RL_21-R68-_-y05-58885-I-1-28,490009053E,490005841R,199,tfl_21-R68-_-y05-58885_glMYlIz.xml
RL_21-R68-_-y05-58885-I-1-29,490005841R,490005841U,396,tfl_21-R68-_-y05-58885_glMYlIz.xml
RL_21-R68-_-y05-58885-I-1-30,490005841U,490012460N,313,tfl_21-R68-_-y05-58885_glMYlIz.xml
RL_21-R68-_-y05-58885-I-1-31,490012460N,490005755E,399,tfl_21-R68-_-y05-58885_glMYlIz.xml
RL_21-R68-_-y05-58885-I-1-32,490005755E,490007166B,727,tfl_21-R68-_-y05-58885_glMYlIz.xml
RL_21-R68-_-y05-58885-I-1-33,490007166B,490013511C,316,tfl_21-R68-_-y05-58885_glMYlIz.xml
RL_21-R68-_-y05-58885-I-1-34,490013511C,490011557E,541,tfl_21-R68-_-y05-58885_glMYlIz.xml
RL_21-R68-_-y05-58885-I-1-35,490011557E,490012048E,200,tfl_21-R68-_-y05-58885_glMYlIz.xml
RL_21-R68-_-y05-58885-I-1-36,490012048E,490009547SA,317,tfl_21-R68-_-y05-58885_glMYlIz.xml
RL_21-R68-_-y05-58885-I-1-37,490009547SA,490015035SL,223,tfl_21-R68-_-y05-58885_glMYlIz.xml
RL_21-R68-_-y05-58885-I-1-38,490015035SL,490009670E,330,tfl_21-R68-_-y05-58885_glMYlIz.xml
RL_21-R68-_-y05-58885-I-1-39,490009670E,490010049N,256,tfl_21-R68-_-y05-58885_glMYlIz.xml
RL_21-R68-_-y05-58885-I-1-40,490010049N,490016329N,212,tfl_21-R68-_-y05-58885_glMYlIz.xml
RL_21-R68-_-y05-58885-I-1-41,490016329N,490016328W,669,tfl_21-R68-_-y05-58885_glMYlIz.xml
RL_21-R68-_-y05-58885-I-1-42,490016328W,490018678W,60,tfl_21-R68-_-y05-58885_glMYlIz.xml
RL_21-R68-_-y05-58885-I-1-43,490018678W,490016327N,184,tfl_21-R68-_-y05-58885_glMYlIz.xml
RL_21-R68-_-y05-58885-I-1-44,490016327N,490016326S,403,tfl_21-R68-_-y05-58885_glMYlIz.xml
RL_21-R68-_-y05-58885-O-2-1,490016326S,490016327S,384,tfl_21-R68-_-y05-58885_glMYlIz.xml
RL_21-R68-_-y05-58885-O-2-2,490016327S,490018678E,240,tfl_21-R68-_-y05-58885_glMYlIz.xml
RL_21-R68-_-y05-58885-O-2-3,490018678E,490016328S,198,tfl_21-R68-_-y05-58885_glMYlIz.xml
RL_21-R68-_-y05-58885-O-2-4,490016328S,490016329S,494,tfl_21-R68-_-y05-58885_glMYlIz.xml
RL_21-R68-_-y05-58885-O-2-5,490016329S,490010049W,177,tfl_21-R68-_-y05-58885_glMYlIz.xml
RL_21-R68-_-y05-58885-O-2-6,490010049W,490009561W,383,tfl_21-R68-_-y05-58885_glMYlIz.xml
RL_21-R68-_-y05-58885-O-2-7,490009561W,490009547SB,479,tfl_21-R68-_-y05-58885_glMYlIz.xml
RL_21-R68-_-y05-58885-O-2-8,490009547SB,490012048SK,202,tfl_21-R68-_-y05-58885_glMYlIz.xml
RL_21-R68-_-y05-58885-O-2-9,490012048SK,490011557W,360,tfl_21-R68-_-y05-58885_glMYlIz.xml
RL_21-R68-_-y05-58885-O-2-10,490011557W,490000192S,382,tfl_21-R68-_-y05-58885_glMYlIz.xml
RL_21-R68-_-y05-58885-O-2-11,490000192S,490013511F,155,tfl_21-R68-_-y05-58885_glMYlIz.xml
RL_21-R68-_-y05-58885-O-2-12,490013511F,490011556J,498,tfl_21-R68-_-y05-58885_glMYlIz.xml
RL_21-R68-_-y05-58885-O-2-13,490011556J,490005755W,657,tfl_21-R68-_-y05-58885_glMYlIz.xml
RL_21-R68-_-y05-58885-O-2-14,490005755W,490004705W,211,tfl_21-R68-_-y05-58885_glMYlIz.xml
RL_21-R68-_-y05-58885-O-2-15,490004705W,490012460S,278,tfl_21-R68-_-y05-58885_glMYlIz.xml
RL_21-R68-_-y05-58885-O-2-16,490012460S,490005841T,312,tfl_21-R68-_-y05-58885_glMYlIz.xml
RL_21-R68-_-y05-58885-O-2-17,490005841T,490018556E,279,tfl_21-R68-_-y05-58885_glMYlIz.xml
RL_21-R68-_-y05-58885-O-2-18,490018556E,490009053W,320,tfl_21-R68-_-y05-58885_glMYlIz.xml
RL_21-R68-_-y05-58885-O-2-19,490009053W,490015022W,332,tfl_21-R68-_-y05-58885_glMYlIz.xml
RL_21-R68-_-y05-58885-O-2-20,490015022W,490001148Z,278,tfl_21-R68-_-y05-58885_glMYlIz.xml
RL_21-R68-_-y05-58885-O-2-21,490001148Z,490011104S,358,tfl_21-R68-_-y05-58885_glMYlIz.xml
RL_21-R68-_-y05-58885-O-2-22,490011104S,490009848S,378,tfl_21-R68-_-y05-58885_glMYlIz.xml
RL_21-R68-_-y05-58885-O-2-23,490009848S,490009527ST,259,tfl_21-R68-_-y05-58885_glMYlIz.xml
RL_21-R68-_-y05-58885-O-2-24,490009527ST,490007558S,561,tfl_21-R68-_-y05-58885_glMYlIz.xml
RL_21-R68-_-y05-58885-O-2-25,490007558S,490009577S,90,tfl_21-R68-_-y05-58885_glMYlIz.xml
RL_21-R68-_-y05-58885-O-2-26,490009577S,490012507W,482,tfl_21-R68-_-y05-58885_glMYlIz.xml
RL_21-R68-_-y05-58885-O-2-27,490012507W,490004709W,297,tfl_21-R68-_-y05-58885_glMYlIz.xml
RL_21-R68-_-y05-58885-O-2-28,490004709W,490013172D,231,tfl_21-R68-_-y05-58885_glMYlIz.xml
RL_21-R68-_-y05-58885-O-2-29,490013172D,490004377F,381,tfl_21-R68-_-y05-58885_glMYlIz.xml
RL_21-R68-_-y05-58885-O-2-30,490004377F,490013175W,272,tfl_21-R68-_-y05-58885_glMYlIz.xml
RL_21-R68-_-y05-58885-O-2-31,490013175W,490010157W,263,tfl_21-R68-_-y05-58885_glMYlIz.xml
RL_21-R68-_-y05-58885-O-2-32,490010157W,490010685W,421,tfl_21-R68-_-y05-58885_glMYlIz.xml
RL_21-R68-_-y05-58885-O-2-33,490010685W,490010806S,393,tfl_21-R68-_-y05-58885_glMYlIz.xml
RL_21-R68-_-y05-58885-O-2-34,490010806S,490007732S,230,tfl_21-R68-_-y05-58885_glMYlIz.xml
RL_21-R68-_-y05-58885-O-2-35,490007732S,490007733S,276,tfl_21-R68-_-y05-58885_glMYlIz.xml
RL_21-R68-_-y05-58885-O-2-36,490007733S,490013975S,380,tfl_21-R68-_-y05-58885_glMYlIz.xml
RL_21-R68-_-y05-58885-O-2-37,490013975S,490007736S,419,tfl_21-R68-_-y05-58885_glMYlIz.xml
RL_21-R68-_-y05-58885-O-2-38,490007736S,490010757S,256,tfl_21-R68-_-y05-58885_glMYlIz.xml
RL_21-R68-_-y05-58885-O-2-39,490010757S,490007725S,203,tfl_21-R68-_-y05-58885_glMYlIz.xml
RL_21-R68-_-y05-58885-O-2-40,490007725S,490007125E,248,tfl_21-R68-_-y05-58885_glMYlIz.xml
RL_21-R68-_-y05-58885-O-2-41,490007125E,490012423E,305,tfl_21-R68-_-y05-58885_glMYlIz.xml
RL_21-R68-_-y05-58885-O-2-42,490012423E,490013570E,413,tfl_21-R68-_-y05-58885_glMYlIz.xml
RL_21-R68-_-y05-58885-O-2-43,490013570E,490007734E,389,tfl_21-R68-_-y05-58885_glMYlIz.xml
RL_21-R68-_-y05-58885-O-2-44,490007734E,490007713D,219,tfl_21-R68-_-y05-58885_glMYlIz.xml
RL_21-R68-_-y05-58885-O-2-45,490007713D,490007729F,208,tfl_21-R68-_-y05-58885_glMYlIz.xml
RL_21-R68-_-y05-58885-O-2-46,490007729F,40004405136E,302,tfl_21-R68-_-y05-58885_glMYlIz.xml
RL_21-S1-_-y05-59996-I-1-1,490020189N,490020190N,335,tfl_21-S1-_-y05-59996.xml
RL_21-S1-_-y05-59996-I-1-2,490020190N,490009286S,511,tfl_21-S1-_-y05-59996.xml
RL_21-S1-_-y05-59996-I-1-3,490009286S,490013565S2,368,tfl_21-S1-_-y05-59996.xml
RL_21-S1-_-y05-59996-I-1-4,490013565S2,490006164B,505,tfl_21-S1-_-y05-59996.xml
RL_21-S1-_-y05-59996-I-1-5,490006164B,490009949Y,222,tfl_21-S1-_-y05-59996.xml
RL_21-S1-_-y05-59996-I-1-6,490009949Y,490007213M,293,tfl_21-S1-_-y05-59996.xml
RL_21-S1-_-y05-59996-I-1-7,490007213M,490009944V,412,tfl_21-S1-_-y05-59996.xml
RL_21-S1-_-y05-59996-I-1-8,490009944V,490009952S,200,tfl_21-S1-_-y05-59996.xml
RL_21-S1-_-y05-59996-I-1-9,490009952S,490014723E,254,tfl_21-S1-_-y05-59996.xml
RL_21-S1-_-y05-59996-I-1-10,490014723E,490004824E,337,tfl_21-S1-_-y05-59996.xml
RL_21-S1-_-y05-59996-I-1-11,490004824E,490001194A,293,tfl_21-S1-_-y05-59996.xml
RL_21-S1-_-y05-59996-I-1-12,490001194A,490013377S,484,tfl_21-S1-_-y05-59996.xml
RL_21-S1-_-y05-59996-I-1-13,490013377S,490009898S,208,tfl_21-S1-_-y05-59996.xml
RL_21-S1-_-y05-59996-I-1-14,490009898S,490009898W,98,tfl_21-S1-_-y05-59996.xml
RL_21-S1-_-y05-59996-I-1-15,490009898W,490012719N,1345,tfl_21-S1-_-y05-59996.xml
RL_21-S1-_-y05-59996-I-1-16,490012719N,490007519S,619,tfl_21-S1-_-y05-59996.xml
RL_21-S1-_-y05-59996-I-1-17,490007519S,490009860S2,174,tfl_21-S1-_-y05-59996.xml
RL_21-S1-_-y05-59996-I-1-18,490009860S2,490010186S,324,tfl_21-S1-_-y05-59996.xml
RL_21-S1-_-y05-59996-I-1-19,490010186S,490015405RJ,305,tfl_21-S1-_-y05-59996.xml
RL_21-S1-_-y05-59996-I-1-20,490015405RJ,490015406RK,258,tfl_21-S1-_-y05-59996.xml
RL_21-S1-_-y05-59996-I-1-21,490015406RK,490012718HB,513,tfl_21-S1-_-y05-59996.xml
RL_21-S1-_-y05-59996-I-1-22,490012718HB,490014339S,334,tfl_21-S1-_-y05-59996.xml
RL_21-S1-_-y05-59996-I-1-23,490014339S,490010129S,343,tfl_21-S1-_-y05-59996.xml
RL_21-S1-_-y05-59996-I-1-24,490010129S,490011149S,429,tfl_21-S1-_-y05-59996.xml
RL_21-S1-_-y05-59996-I-1-25,490011149S,490010624W,630,tfl_21-S1-_-y05-59996.xml
RL_21-S1-_-y05-59996-I-1-26,490010624W,490012566W,561,tfl_21-S1-_-y05-59996.xml
RL_21-S1-_-y05-59996-I-1-27,490012566W,490013073W,415,tfl_21-S1-_-y05-59996.xml
RL_21-S1-_-y05-59996-I-1-28,490013073W,490013072B,242,tfl_21-S1-_-y05-59996.xml
RL_21-S1-_-y05-59996-I-1-29,490013072B,490013062C,219,tfl_21-S1-_-y05-59996.xml
RL_21-S1-_-y05-59996-I-1-30,490013062C,490003892E,187,tfl_21-S1-_-y05-59996.xml
RL_21-S1-_-y05-59996-I-1-31,490003892E,490009575I,203,tfl_21-S1-_-y05-59996.xml
RL_21-S1-_-y05-59996-I-1-32,490009575I,490013679J,206,tfl_21-S1-_-y05-59996.xml
RL_21-S1-_-y05-59996-I-1-33,490013679J,490013081K,272,tfl_21-S1-_-y05-59996.xml
RL_21-S1-_-y05-59996-I-1-34,490013081K,490001286O,486,tfl_21-S1-_-y05-59996.xml
RL_21-S1-_-y05-59996-I-1-35,490001286O,490004887S,318,tfl_21-S1-_-y05-59996.xml
RL_21-S1-_-y05-59996-I-1-36,490004887S,490007987E,334,tfl_21-S1-_-y05-59996.xml
RL_21-S1-_-y05-59996-I-1-37,490007987E,490003293E,140,tfl_21-S1-_-y05-59996.xml
RL_21-S1-_-y05-59996-I-1-38,490003293E,490019635E,1445,tfl_21-S1-_-y05-59996.xml
RL_21-S1-_-y05-59996-I-1-39,490019635E,490013075J,136,tfl_21-S1-_-y05-59996.xml
RL_21-S1-_-y05-59996-I-1-40,490013075J,490006184F,396,tfl_21-S1-_-y05-59996.xml
RL_21-S1-_-y05-59996-I-1-41,490006184F,40004409033B,424,tfl_21-S1-_-y05-59996.xml
RL_21-S1-_-y05-59996-I-1-42,40004409033B,40004409034B,418,tfl_21-S1-_-y05-59996.xml
RL_21-S1-_-y05-59996-I-1-43,40004409034B,40004409035B,505,tfl_21-S1-_-y05-59996.xml
RL_21-S1-_-y05-59996-I-1-44,40004409035B,40004409036B,527,tfl_21-S1-_-y05-59996.xml
RL_21-S1-_-y05-59996-I-1-45,40004409036B,40004409045B,431,tfl_21-S1-_-y05-59996.xml
RL_21-S1-_-y05-59996-I-1-46,40004409045B,40004409046B,254,tfl_21-S1-_-y05-59996.xml
RL_21-S1-_-y05-59996-I-1-47,40004409046B,40004409047B,289,tfl_21-S1-_-y05-59996.xml
RL_21-S1-_-y05-59996-O-2-1,40004409047A,40004409046A,289,tfl_21-S1-_-y05-59996.xml
RL_21-S1-_-y05-59996-O-2-2,40004409046A,40004409045A,352,tfl_21-S1-_-y05-59996.xml
RL_21-S1-_-y05-59996-O-2-3,40004409045A,40004409036A,379,tfl_21-S1-_-y05-59996.xml
RL_21-S1-_-y05-59996-O-2-4,40004409036A,40004409035A,638,tfl_21-S1-_-y05-59996.xml
RL_21-S1-_-y05-59996-O-2-5,40004409035A,40004409034A,404,tfl_21-S1-_-y05-59996.xml
RL_21-S1-_-y05-59996-O-2-6,40004409034A,40004409033A,428,tfl_21-S1-_-y05-59996.xml
RL_21-S1-_-y05-59996-O-2-7,40004409033A,490006184E,349,tfl_21-S1-_-y05-59996.xml
RL_21-S1-_-y05-59996-O-2-8,490006184E,490013075G,369,tfl_21-S1-_-y05-59996.xml
RL_21-S1-_-y05-59996-O-2-9,490013075G,490003293W,1201,tfl_21-S1-_-y05-59996.xml
RL_21-S1-_-y05-59996-O-2-10,490003293W,490013060N,428,tfl_21-S1-_-y05-59996.xml
RL_21-S1-_-y05-59996-O-2-11,490013060N,490013082R,235,tfl_21-S1-_-y05-59996.xml
RL_21-S1-_-y05-59996-O-2-12,490013082R,490013064V,427,tfl_21-S1-_-y05-59996.xml
RL_21-S1-_-y05-59996-O-2-13,490013064V,490011856W,403,tfl_21-S1-_-y05-59996.xml
RL_21-S1-_-y05-59996-O-2-14,490011856W,490005844Y,318,tfl_21-S1-_-y05-59996.xml
RL_21-S1-_-y05-59996-O-2-15,490005844Y,490010724E,1281,tfl_21-S1-_-y05-59996.xml
RL_21-S1-_-y05-59996-O-2-16,490010724E,490006630E,524,tfl_21-S1-_-y05-59996.xml
RL_21-S1-_-y05-59996-O-2-17,490006630E,490011149N,294,tfl_21-S1-_-y05-59996.xml
RL_21-S1-_-y05-59996-O-2-18,490011149N,490010129N,295,tfl_21-S1-_-y05-59996.xml
RL_21-S1-_-y05-59996-O-2-19,490010129N,490014339N,395,tfl_21-S1-_-y05-59996.xml
RL_21-S1-_-y05-59996-O-2-20,490014339N,490012718HA,579,tfl_21-S1-_-y05-59996.xml
RL_21-S1-_-y05-59996-O-2-21,490012718HA,490015406RL,518,tfl_21-S1-_-y05-59996.xml
RL_21-S1-_-y05-59996-O-2-22,490015406RL,490015405RH,327,tfl_21-S1-_-y05-59996.xml
RL_21-S1-_-y05-59996-O-2-23,490015405RH,490010186N,178,tfl_21-S1-_-y05-59996.xml
RL_21-S1-_-y05-59996-O-2-24,490010186N,490009860N,241,tfl_21-S1-_-y05-59996.xml
RL_21-S1-_-y05-59996-O-2-25,490009860N,490012719S,773,tfl_21-S1-_-y05-59996.xml
RL_21-S1-_-y05-59996-O-2-26,490012719S,490003118E,1108,tfl_21-S1-_-y05-59996.xml
RL_21-S1-_-y05-59996-O-2-27,490003118E,490013377N,501,tfl_21-S1-_-y05-59996.xml
RL_21-S1-_-y05-59996-O-2-28,490013377N,490001194B,521,tfl_21-S1-_-y05-59996.xml
RL_21-S1-_-y05-59996-O-2-29,490001194B,490004824W,244,tfl_21-S1-_-y05-59996.xml
RL_21-S1-_-y05-59996-O-2-30,490004824W,490014723W,391,tfl_21-S1-_-y05-59996.xml
RL_21-S1-_-y05-59996-O-2-31,490014723W,490009952T,352,tfl_21-S1-_-y05-59996.xml
RL_21-S1-_-y05-59996-O-2-32,490009952T,490009946P,628,tfl_21-S1-_-y05-59996.xml
RL_21-S1-_-y05-59996-O-2-33,490009946P,490007213N1,224,tfl_21-S1-_-y05-59996.xml
RL_21-S1-_-y05-59996-O-2-34,490007213N1,490009949Z,598,tfl_21-S1-_-y05-59996.xml
RL_21-S1-_-y05-59996-O-2-35,490009949Z,490006164A,121,tfl_21-S1-_-y05-59996.xml
RL_21-S1-_-y05-59996-O-2-36,490006164A,490013565N2,303,tfl_21-S1-_-y05-59996.xml
RL_21-S1-_-y05-59996-O-2-37,490013565N2,490009286N,499,tfl_21-S1-_-y05-59996.xml
RL_21-S1-_-y05-59996-O-2-38,490009286N,490020190S,503,tfl_21-S1-_-y05-59996.xml
RL_21-S1-_-y05-59996-O-2-39,490020190S,490020189N,359,tfl_21-S1-_-y05-59996.xml
