hour,line_journey_count,sequence_number,is_weekend,is_peak_hour,cluster
6,204,1,1,0,1
6,204,2,1,0,1
7,204,3,1,1,1
7,204,4,1,1,1
7,204,5,1,1,1
7,204,6,1,1,1
8,204,7,1,1,1
8,204,8,1,1,1
8,204,9,1,1,1
8,204,10,1,1,1
9,204,11,1,1,1
9,204,12,1,1,1
9,204,13,1,1,1
9,204,14,1,1,1
10,204,15,1,0,1
10,204,16,1,0,1
10,204,17,1,0,1
10,204,18,1,0,1
11,204,19,1,0,1
11,204,20,1,0,1
11,204,21,1,0,1
11,204,22,1,0,1
12,204,23,1,0,1
12,204,24,1,0,1
12,204,25,1,0,1
12,204,26,1,0,1
13,204,27,1,0,1
13,204,28,1,0,1
13,204,29,1,0,1
13,204,30,1,0,1
14,204,31,1,0,1
14,204,32,1,0,1
14,204,33,1,0,1
14,204,34,1,0,1
15,204,35,1,0,1
15,204,36,1,0,1
15,204,37,1,0,1
15,204,38,1,0,1
16,204,39,1,0,1
16,204,40,1,0,1
16,204,41,1,0,1
16,204,42,1,0,1
17,204,43,1,1,1
17,204,44,1,1,1
17,204,45,1,1,1
17,204,46,1,1,1
18,204,47,1,1,1
18,204,48,1,1,1
18,204,49,1,1,1
18,204,50,1,1,1
19,204,51,1,1,1
6,204,52,0,0,1
6,204,53,0,0,1
6,204,54,0,0,1
6,204,55,0,0,1
7,204,56,0,1,1
7,204,57,0,1,1
7,204,58,0,1,1
7,204,59,0,1,1
7,204,60,0,1,1
7,204,61,0,1,1
7,204,62,0,1,1
7,204,63,0,1,1
8,204,64,0,1,1
8,204,65,0,1,1
8,204,66,0,1,1
8,204,67,0,1,1
8,204,68,0,1,1
8,204,69,0,1,1
8,204,70,0,1,1
8,204,71,0,1,1
9,204,72,0,1,1
9,204,73,0,1,1
9,204,74,0,1,1
9,204,75,0,1,1
9,204,76,0,1,1
9,204,77,0,1,1
9,204,78,0,1,1
9,204,79,0,1,1
10,204,80,0,0,1
10,204,81,0,0,1
10,204,82,0,0,1
10,204,83,0,0,1
10,204,84,0,0,1
10,204,85,0,0,1
10,204,86,0,0,1
10,204,87,0,0,1
11,204,88,0,0,1
11,204,89,0,0,1
11,204,90,0,0,1
11,204,91,0,0,1
11,204,92,0,0,1
11,204,93,0,0,1
11,204,94,0,0,1
11,204,95,0,0,1
12,204,96,0,0,1
12,204,97,0,0,1
12,204,98,0,0,1
12,204,99,0,0,1
12,204,100,0,0,1
12,204,101,0,0,1
12,204,102,0,0,1
12,204,103,0,0,1
13,204,104,0,0,1
13,204,105,0,0,1
13,204,106,0,0,1
13,204,107,0,0,1
13,204,108,0,0,1
13,204,109,0,0,1
13,204,110,0,0,1
13,204,111,0,0,1
14,204,112,0,0,1
14,204,113,0,0,1
14,204,114,0,0,1
14,204,115,0,0,1
14,204,116,0,0,1
14,204,117,0,0,1
14,204,118,0,0,1
14,204,119,0,0,1
15,204,120,0,0,1
15,204,121,0,0,1
15,204,122,0,0,1
15,204,123,0,0,1
15,204,124,0,0,1
15,204,125,0,0,1
15,204,126,0,0,1
15,204,127,0,0,1
16,204,128,0,0,1
16,204,129,0,0,1
16,204,130,0,0,1
16,204,131,0,0,1
16,204,132,0,0,1
16,204,133,0,0,1
16,204,134,0,0,1
16,204,135,0,0,1
17,204,136,0,1,1
17,204,137,0,1,1
17,204,138,0,1,1
17,204,139,0,1,1
17,204,140,0,1,1
17,204,141,0,1,1
17,204,142,0,1,1
17,204,143,0,1,1
18,204,144,0,1,1
18,204,145,0,1,1
18,204,146,0,1,1
18,204,147,0,1,1
18,204,148,0,1,1
18,204,149,0,1,1
18,204,150,0,1,1
18,204,151,0,1,1
19,204,152,0,1,1
19,204,153,0,1,1
6,204,154,1,0,1
6,204,155,1,0,1
7,204,156,1,1,1
7,204,157,1,1,1
7,204,158,1,1,1
7,204,159,1,1,1
8,204,160,1,1,1
8,204,161,1,1,1
8,204,162,1,1,1
8,204,163,1,1,1
9,204,164,1,1,1
9,204,165,1,1,1
9,204,166,1,1,1
9,204,167,1,1,1
10,204,168,1,0,1
10,204,169,1,0,1
10,204,170,1,0,1
10,204,171,1,0,1
11,204,172,1,0,1
11,204,173,1,0,1
11,204,174,1,0,1
11,204,175,1,0,1
12,204,176,1,0,1
12,204,177,1,0,1
12,204,178,1,0,1
12,204,179,1,0,1
13,204,180,1,0,1
13,204,181,1,0,1
13,204,182,1,0,1
13,204,183,1,0,1
14,204,184,1,0,1
14,204,185,1,0,1
14,204,186,1,0,1
14,204,187,1,0,1
15,204,188,1,0,1
15,204,189,1,0,1
15,204,190,1,0,1
15,204,191,1,0,1
16,204,192,1,0,1
16,204,193,1,0,1
16,204,194,1,0,1
16,204,195,1,0,1
17,204,196,1,1,1
17,204,197,1,1,1
17,204,198,1,1,1
17,204,199,1,1,1
18,204,200,1,1,1
18,204,201,1,1,1
18,204,202,1,1,1
18,204,203,1,1,1
19,204,204,1,1,1
9,306,82,0,1,0
9,306,82,0,1,0
9,306,83,0,1,0
9,306,83,0,1,0
10,306,84,0,0,2
10,306,84,0,0,2
10,306,85,0,0,2
10,306,85,0,0,2
11,306,86,0,0,2
11,306,86,0,0,2
11,306,87,0,0,2
11,306,87,0,0,2
12,306,88,0,0,2
12,306,88,0,0,2
12,306,89,0,0,2
12,306,89,0,0,2
13,306,90,0,0,2
13,306,90,0,0,2
13,306,91,0,0,2
13,306,91,0,0,2
18,306,101,0,1,0
18,306,101,0,1,0
6,306,76,0,0,2
6,306,76,0,0,2
8,306,81,0,1,0
8,306,81,0,1,0
18,306,100,0,1,0
18,306,100,0,1,0
6,306,77,0,0,2
6,306,77,0,0,2
7,306,78,0,1,0
7,306,78,0,1,0
7,306,79,0,1,0
7,306,79,0,1,0
8,306,80,0,1,0
8,306,80,0,1,0
14,306,92,0,0,2
14,306,92,0,0,2
14,306,93,0,0,2
14,306,93,0,0,2
15,306,94,0,0,2
15,306,94,0,0,2
15,306,95,0,0,2
15,306,95,0,0,2
16,306,96,0,0,2
16,306,96,0,0,2
16,306,97,0,0,2
16,306,97,0,0,2
17,306,98,0,1,0
17,306,98,0,1,0
17,306,99,0,1,0
17,306,99,0,1,0
9,306,6,0,1,1
9,306,6,0,1,1
10,306,7,0,0,2
10,306,7,0,0,2
10,306,8,0,0,2
10,306,8,0,0,2
11,306,9,0,0,2
11,306,9,0,0,2
11,306,10,0,0,2
11,306,10,0,0,2
12,306,11,0,0,2
12,306,11,0,0,2
12,306,12,0,0,2
12,306,12,0,0,2
13,306,13,0,0,2
13,306,13,0,0,2
13,306,14,0,0,2
13,306,14,0,0,2
14,306,15,0,0,2
14,306,15,0,0,2
9,306,5,0,1,1
9,306,5,0,1,1
19,306,25,0,1,0
19,306,25,0,1,0
7,306,1,0,1,1
7,306,1,0,1,1
7,306,2,0,1,1
7,306,2,0,1,1
8,306,3,0,1,1
8,306,3,0,1,1
8,306,4,0,1,1
8,306,4,0,1,1
14,306,16,0,0,2
14,306,16,0,0,2
15,306,17,0,0,2
15,306,17,0,0,2
15,306,18,0,0,2
15,306,18,0,0,2
16,306,19,0,0,2
16,306,19,0,0,2
16,306,20,0,0,2
16,306,20,0,0,2
17,306,21,0,1,0
17,306,21,0,1,0
17,306,22,0,1,0
17,306,22,0,1,0
18,306,23,0,1,0
18,306,23,0,1,0
18,306,24,0,1,0
18,306,24,0,1,0
6,306,102,1,0,1
6,306,102,1,0,1
6,306,103,1,0,1
6,306,103,1,0,1
7,306,104,1,1,1
7,306,104,1,1,1
7,306,105,1,1,1
7,306,105,1,1,1
8,306,106,1,1,1
8,306,106,1,1,1
8,306,107,1,1,1
8,306,107,1,1,1
18,306,127,1,1,1
18,306,127,1,1,1
9,306,108,1,1,1
9,306,108,1,1,1
9,306,109,1,1,1
9,306,109,1,1,1
10,306,110,1,0,1
10,306,110,1,0,1
10,306,111,1,0,1
10,306,111,1,0,1
11,306,112,1,0,1
11,306,112,1,0,1
11,306,113,1,0,1
11,306,113,1,0,1
12,306,114,1,0,1
12,306,114,1,0,1
12,306,115,1,0,1
12,306,115,1,0,1
13,306,116,1,0,1
13,306,116,1,0,1
13,306,117,1,0,1
13,306,117,1,0,1
14,306,118,1,0,1
14,306,118,1,0,1
14,306,119,1,0,1
14,306,119,1,0,1
15,306,120,1,0,1
15,306,120,1,0,1
15,306,121,1,0,1
15,306,121,1,0,1
16,306,122,1,0,1
16,306,122,1,0,1
16,306,123,1,0,1
16,306,123,1,0,1
17,306,124,1,1,1
17,306,124,1,1,1
17,306,125,1,1,1
17,306,125,1,1,1
18,306,126,1,1,1
18,306,126,1,1,1
7,306,26,1,1,1
7,306,26,1,1,1
7,306,27,1,1,1
7,306,27,1,1,1
8,306,28,1,1,1
8,306,28,1,1,1
19,306,50,1,1,1
19,306,50,1,1,1
8,306,29,1,1,1
8,306,29,1,1,1
9,306,30,1,1,1
9,306,30,1,1,1
9,306,31,1,1,1
9,306,31,1,1,1
10,306,32,1,0,1
10,306,32,1,0,1
10,306,33,1,0,1
10,306,33,1,0,1
11,306,34,1,0,1
11,306,34,1,0,1
11,306,35,1,0,1
11,306,35,1,0,1
12,306,36,1,0,1
12,306,36,1,0,1
12,306,37,1,0,1
12,306,37,1,0,1
13,306,38,1,0,1
13,306,38,1,0,1
13,306,39,1,0,1
13,306,39,1,0,1
14,306,40,1,0,1
14,306,40,1,0,1
14,306,41,1,0,1
14,306,41,1,0,1
15,306,42,1,0,1
15,306,42,1,0,1
15,306,43,1,0,1
15,306,43,1,0,1
16,306,44,1,0,1
16,306,44,1,0,1
16,306,45,1,0,1
16,306,45,1,0,1
17,306,46,1,1,1
17,306,46,1,1,1
17,306,47,1,1,1
17,306,47,1,1,1
18,306,48,1,1,1
18,306,48,1,1,1
18,306,49,1,1,1
18,306,49,1,1,1
6,306,128,1,0,1
6,306,128,1,0,1
6,306,129,1,0,1
6,306,129,1,0,1
7,306,130,1,1,1
7,306,130,1,1,1
7,306,131,1,1,1
7,306,131,1,1,1
18,306,152,1,1,1
18,306,152,1,1,1
18,306,153,1,1,1
18,306,153,1,1,1
8,306,132,1,1,1
8,306,132,1,1,1
8,306,133,1,1,1
8,306,133,1,1,1
17,306,151,1,1,1
17,306,151,1,1,1
16,306,149,1,0,1
16,306,149,1,0,1
17,306,150,1,1,1
17,306,150,1,1,1
9,306,134,1,1,1
9,306,134,1,1,1
9,306,135,1,1,1
9,306,135,1,1,1
10,306,136,1,0,1
10,306,136,1,0,1
10,306,137,1,0,1
10,306,137,1,0,1
11,306,138,1,0,1
11,306,138,1,0,1
11,306,139,1,0,1
11,306,139,1,0,1
12,306,140,1,0,1
12,306,140,1,0,1
12,306,141,1,0,1
12,306,141,1,0,1
13,306,142,1,0,1
13,306,142,1,0,1
13,306,143,1,0,1
13,306,143,1,0,1
14,306,144,1,0,1
14,306,144,1,0,1
14,306,145,1,0,1
14,306,145,1,0,1
15,306,146,1,0,1
15,306,146,1,0,1
15,306,147,1,0,1
15,306,147,1,0,1
16,306,148,1,0,1
16,306,148,1,0,1
7,306,51,1,1,1
7,306,51,1,1,1
7,306,52,1,1,1
7,306,52,1,1,1
8,306,53,1,1,1
8,306,53,1,1,1
8,306,54,1,1,1
8,306,54,1,1,1
18,306,73,1,1,1
18,306,73,1,1,1
18,306,74,1,1,1
18,306,74,1,1,1
19,306,75,1,1,1
19,306,75,1,1,1
9,306,55,1,1,1
9,306,55,1,1,1
17,306,72,1,1,1
17,306,72,1,1,1
17,306,71,1,1,1
17,306,71,1,1,1
9,306,56,1,1,1
9,306,56,1,1,1
10,306,57,1,0,1
10,306,57,1,0,1
10,306,58,1,0,1
10,306,58,1,0,1
11,306,59,1,0,1
11,306,59,1,0,1
11,306,60,1,0,1
11,306,60,1,0,1
12,306,61,1,0,1
12,306,61,1,0,1
12,306,62,1,0,1
12,306,62,1,0,1
13,306,63,1,0,1
13,306,63,1,0,1
13,306,64,1,0,1
13,306,64,1,0,1
14,306,65,1,0,1
14,306,65,1,0,1
14,306,66,1,0,1
14,306,66,1,0,1
15,306,67,1,0,1
15,306,67,1,0,1
15,306,68,1,0,1
15,306,68,1,0,1
16,306,69,1,0,1
16,306,69,1,0,1
16,306,70,1,0,1
16,306,70,1,0,1
6,306,102,1,0,1
6,306,102,1,0,1
6,306,103,1,0,1
6,306,103,1,0,1
7,306,104,1,1,1
7,306,104,1,1,1
7,306,105,1,1,1
7,306,105,1,1,1
8,306,106,1,1,1
8,306,106,1,1,1
8,306,107,1,1,1
8,306,107,1,1,1
18,306,127,1,1,1
18,306,127,1,1,1
9,306,108,1,1,1
9,306,108,1,1,1
9,306,109,1,1,1
9,306,109,1,1,1
10,306,110,1,0,1
10,306,110,1,0,1
10,306,111,1,0,1
10,306,111,1,0,1
11,306,112,1,0,1
11,306,112,1,0,1
11,306,113,1,0,1
11,306,113,1,0,1
12,306,114,1,0,1
12,306,114,1,0,1
12,306,115,1,0,1
12,306,115,1,0,1
13,306,116,1,0,1
13,306,116,1,0,1
13,306,117,1,0,1
13,306,117,1,0,1
14,306,118,1,0,1
14,306,118,1,0,1
14,306,119,1,0,1
14,306,119,1,0,1
15,306,120,1,0,1
15,306,120,1,0,1
15,306,121,1,0,1
15,306,121,1,0,1
16,306,122,1,0,1
16,306,122,1,0,1
16,306,123,1,0,1
16,306,123,1,0,1
17,306,124,1,1,1
17,306,124,1,1,1
17,306,125,1,1,1
17,306,125,1,1,1
18,306,126,1,1,1
18,306,126,1,1,1
7,306,26,1,1,1
7,306,26,1,1,1
7,306,27,1,1,1
7,306,27,1,1,1
8,306,28,1,1,1
8,306,28,1,1,1
19,306,50,1,1,1
19,306,50,1,1,1
8,306,29,1,1,1
8,306,29,1,1,1
9,306,30,1,1,1
9,306,30,1,1,1
9,306,31,1,1,1
9,306,31,1,1,1
10,306,32,1,0,1
10,306,32,1,0,1
10,306,33,1,0,1
10,306,33,1,0,1
11,306,34,1,0,1
11,306,34,1,0,1
11,306,35,1,0,1
11,306,35,1,0,1
12,306,36,1,0,1
12,306,36,1,0,1
12,306,37,1,0,1
12,306,37,1,0,1
13,306,38,1,0,1
13,306,38,1,0,1
13,306,39,1,0,1
13,306,39,1,0,1
14,306,40,1,0,1
14,306,40,1,0,1
14,306,41,1,0,1
14,306,41,1,0,1
15,306,42,1,0,1
15,306,42,1,0,1
15,306,43,1,0,1
15,306,43,1,0,1
16,306,44,1,0,1
16,306,44,1,0,1
16,306,45,1,0,1
16,306,45,1,0,1
17,306,46,1,1,1
17,306,46,1,1,1
17,306,47,1,1,1
17,306,47,1,1,1
18,306,48,1,1,1
18,306,48,1,1,1
18,306,49,1,1,1
18,306,49,1,1,1
6,306,128,1,0,1
6,306,128,1,0,1
6,306,129,1,0,1
6,306,129,1,0,1
7,306,130,1,1,1
7,306,130,1,1,1
7,306,131,1,1,1
7,306,131,1,1,1
18,306,152,1,1,1
18,306,152,1,1,1
18,306,153,1,1,1
18,306,153,1,1,1
8,306,132,1,1,1
8,306,132,1,1,1
8,306,133,1,1,1
8,306,133,1,1,1
17,306,151,1,1,1
17,306,151,1,1,1
16,306,149,1,0,1
16,306,149,1,0,1
17,306,150,1,1,1
17,306,150,1,1,1
9,306,134,1,1,1
9,306,134,1,1,1
9,306,135,1,1,1
9,306,135,1,1,1
10,306,136,1,0,1
10,306,136,1,0,1
10,306,137,1,0,1
10,306,137,1,0,1
11,306,138,1,0,1
11,306,138,1,0,1
11,306,139,1,0,1
11,306,139,1,0,1
12,306,140,1,0,1
12,306,140,1,0,1
12,306,141,1,0,1
12,306,141,1,0,1
13,306,142,1,0,1
13,306,142,1,0,1
13,306,143,1,0,1
13,306,143,1,0,1
14,306,144,1,0,1
14,306,144,1,0,1
14,306,145,1,0,1
14,306,145,1,0,1
15,306,146,1,0,1
15,306,146,1,0,1
15,306,147,1,0,1
15,306,147,1,0,1
16,306,148,1,0,1
16,306,148,1,0,1
7,306,51,1,1,1
7,306,51,1,1,1
7,306,52,1,1,1
7,306,52,1,1,1
8,306,53,1,1,1
8,306,53,1,1,1
8,306,54,1,1,1
8,306,54,1,1,1
18,306,73,1,1,1
18,306,73,1,1,1
18,306,74,1,1,1
18,306,74,1,1,1
19,306,75,1,1,1
19,306,75,1,1,1
9,306,55,1,1,1
9,306,55,1,1,1
17,306,72,1,1,1
17,306,72,1,1,1
17,306,71,1,1,1
17,306,71,1,1,1
9,306,56,1,1,1
9,306,56,1,1,1
10,306,57,1,0,1
10,306,57,1,0,1
10,306,58,1,0,1
10,306,58,1,0,1
11,306,59,1,0,1
11,306,59,1,0,1
11,306,60,1,0,1
11,306,60,1,0,1
12,306,61,1,0,1
12,306,61,1,0,1
12,306,62,1,0,1
12,306,62,1,0,1
13,306,63,1,0,1
13,306,63,1,0,1
13,306,64,1,0,1
13,306,64,1,0,1
14,306,65,1,0,1
14,306,65,1,0,1
14,306,66,1,0,1
14,306,66,1,0,1
15,306,67,1,0,1
15,306,67,1,0,1
15,306,68,1,0,1
15,306,68,1,0,1
16,306,69,1,0,1
16,306,69,1,0,1
16,306,70,1,0,1
16,306,70,1,0,1
9,306,82,0,1,0
9,306,82,0,1,0
9,306,83,0,1,0
9,306,83,0,1,0
10,306,84,0,0,2
10,306,84,0,0,2
10,306,85,0,0,2
10,306,85,0,0,2
11,306,86,0,0,2
11,306,86,0,0,2
11,306,87,0,0,2
11,306,87,0,0,2
12,306,88,0,0,2
12,306,88,0,0,2
12,306,89,0,0,2
12,306,89,0,0,2
13,306,90,0,0,2
13,306,90,0,0,2
13,306,91,0,0,2
13,306,91,0,0,2
18,306,101,0,1,0
18,306,101,0,1,0
6,306,76,0,0,2
6,306,76,0,0,2
8,306,81,0,1,0
8,306,81,0,1,0
18,306,100,0,1,0
18,306,100,0,1,0
6,306,77,0,0,2
6,306,77,0,0,2
7,306,78,0,1,0
7,306,78,0,1,0
7,306,79,0,1,0
7,306,79,0,1,0
8,306,80,0,1,0
8,306,80,0,1,0
14,306,92,0,0,2
14,306,92,0,0,2
14,306,93,0,0,2
14,306,93,0,0,2
15,306,94,0,0,2
15,306,94,0,0,2
15,306,95,0,0,2
15,306,95,0,0,2
16,306,96,0,0,2
16,306,96,0,0,2
16,306,97,0,0,2
16,306,97,0,0,2
17,306,98,0,1,0
17,306,98,0,1,0
17,306,99,0,1,0
17,306,99,0,1,0
9,306,6,0,1,1
9,306,6,0,1,1
10,306,7,0,0,2
10,306,7,0,0,2
10,306,8,0,0,2
10,306,8,0,0,2
11,306,9,0,0,2
11,306,9,0,0,2
11,306,10,0,0,2
11,306,10,0,0,2
12,306,11,0,0,2
12,306,11,0,0,2
12,306,12,0,0,2
12,306,12,0,0,2
13,306,13,0,0,2
13,306,13,0,0,2
13,306,14,0,0,2
13,306,14,0,0,2
14,306,15,0,0,2
14,306,15,0,0,2
9,306,5,0,1,1
9,306,5,0,1,1
19,306,25,0,1,0
19,306,25,0,1,0
7,306,1,0,1,1
7,306,1,0,1,1
7,306,2,0,1,1
7,306,2,0,1,1
8,306,3,0,1,1
8,306,3,0,1,1
8,306,4,0,1,1
8,306,4,0,1,1
14,306,16,0,0,2
14,306,16,0,0,2
15,306,17,0,0,2
15,306,17,0,0,2
15,306,18,0,0,2
15,306,18,0,0,2
16,306,19,0,0,2
16,306,19,0,0,2
16,306,20,0,0,2
16,306,20,0,0,2
17,306,21,0,1,0
17,306,21,0,1,0
17,306,22,0,1,0
17,306,22,0,1,0
18,306,23,0,1,0
18,306,23,0,1,0
18,306,24,0,1,0
18,306,24,0,1,0
0,455,400,1,0,3
23,455,397,1,0,3
0,455,398,1,0,3
0,455,399,1,0,3
23,455,395,1,0,3
23,455,396,1,0,3
22,455,393,1,0,3
23,455,394,1,0,3
5,455,315,1,0,3
5,455,316,1,0,3
5,455,317,1,0,3
22,455,392,1,0,3
6,455,318,1,0,3
22,455,391,1,0,3
6,455,319,1,0,3
22,455,390,1,0,3
6,455,320,1,0,3
7,455,321,1,1,0
7,455,322,1,1,0
21,455,389,1,0,3
7,455,323,1,1,0
21,455,387,1,0,3
21,455,388,1,0,3
20,455,384,1,0,3
20,455,385,1,0,3
21,455,386,1,0,3
20,455,383,1,0,3
7,455,324,1,1,0
8,455,325,1,1,0
20,455,382,1,0,3
19,455,381,1,1,0
19,455,380,1,1,0
8,455,326,1,1,0
8,455,327,1,1,0
8,455,328,1,1,0
8,455,329,1,1,0
8,455,330,1,1,0
9,455,331,1,1,0
19,455,379,1,1,0
18,455,376,1,1,0
18,455,377,1,1,0
19,455,378,1,1,0
18,455,375,1,1,0
18,455,374,1,1,0
9,455,332,1,1,0
9,455,333,1,1,0
9,455,334,1,1,0
9,455,335,1,1,0
10,455,336,1,0,3
10,455,337,1,0,3
10,455,338,1,0,3
10,455,339,1,0,3
10,455,340,1,0,3
10,455,341,1,0,3
11,455,342,1,0,3
17,455,373,1,1,0
17,455,372,1,1,0
17,455,371,1,1,0
17,455,370,1,1,0
17,455,369,1,1,0
16,455,368,1,0,3
16,455,367,1,0,3
16,455,366,1,0,3
16,455,365,1,0,3
15,455,364,1,0,3
15,455,362,1,0,3
15,455,363,1,0,3
15,455,361,1,0,3
15,455,360,1,0,3
14,455,359,1,0,3
14,455,357,1,0,3
14,455,358,1,0,3
11,455,343,1,0,3
11,455,344,1,0,3
13,455,352,1,0,3
13,455,353,1,0,3
13,455,354,1,0,3
13,455,355,1,0,3
14,455,356,1,0,3
11,455,345,1,0,3
12,455,346,1,0,3
12,455,347,1,0,3
13,455,351,1,0,3
12,455,350,1,0,3
12,455,349,1,0,3
12,455,348,1,0,3
23,455,167,1,0,3
0,455,168,1,0,3
0,455,169,1,0,3
0,455,170,1,0,3
5,455,88,1,0,3
5,455,89,1,0,3
5,455,90,1,0,3
23,455,166,1,0,3
23,455,164,1,0,3
23,455,165,1,0,3
22,455,163,1,0,3
6,455,91,1,0,3
22,455,162,1,0,3
22,455,160,1,0,3
22,455,161,1,0,3
6,455,92,1,0,3
6,455,93,1,0,3
7,455,94,1,1,0
7,455,95,1,1,0
21,455,159,1,0,3
21,455,156,1,0,3
20,455,155,1,0,3
21,455,158,1,0,3
21,455,157,1,0,3
20,455,154,1,0,3
8,455,98,1,1,0
8,455,100,1,1,0
8,455,99,1,1,0
7,455,96,1,1,0
7,455,97,1,1,0
20,455,152,1,0,3
20,455,153,1,0,3
19,455,150,1,1,0
19,455,151,1,1,0
19,455,149,1,1,0
19,455,148,1,1,0
8,455,101,1,1,0
9,455,102,1,1,0
9,455,103,1,1,0
18,455,147,1,1,0
18,455,146,1,1,0
18,455,144,1,1,0
18,455,145,1,1,0
17,455,143,1,1,0
9,455,104,1,1,0
9,455,105,1,1,0
10,455,107,1,0,3
17,455,142,1,1,0
9,455,106,1,1,0
10,455,108,1,0,3
17,455,141,1,1,0
16,455,137,1,0,3
17,455,139,1,1,0
15,455,132,1,0,3
16,455,134,1,0,3
16,455,135,1,0,3
15,455,130,1,0,3
15,455,131,1,0,3
14,455,129,1,0,3
14,455,126,1,0,3
14,455,127,1,0,3
14,455,128,1,0,3
10,455,109,1,0,3
17,455,140,1,1,0
11,455,112,1,0,3
11,455,114,1,0,3
11,455,113,1,0,3
16,455,136,1,0,3
16,455,138,1,0,3
15,455,133,1,0,3
10,455,110,1,0,3
11,455,111,1,0,3
13,455,124,1,0,3
14,455,125,1,0,3
11,455,115,1,0,3
12,455,118,1,0,3
12,455,119,1,0,3
13,455,121,1,0,3
13,455,122,1,0,3
13,455,123,1,0,3
13,455,120,1,0,3
12,455,116,1,0,3
12,455,117,1,0,3
0,455,453,1,0,3
0,455,454,1,0,3
0,455,455,1,0,3
23,455,452,1,0,3
23,455,451,1,0,3
22,455,449,1,0,3
23,455,450,1,0,3
22,455,448,1,0,3
22,455,447,1,0,3
7,455,401,1,1,0
7,455,402,1,1,0
7,455,403,1,1,0
21,455,446,1,0,3
21,455,445,1,0,3
8,455,404,1,1,0
21,455,444,1,0,3
8,455,405,1,1,0
20,455,441,1,0,3
20,455,442,1,0,3
20,455,443,1,0,3
8,455,406,1,1,0
9,455,407,1,1,0
9,455,408,1,1,0
19,455,440,1,1,0
19,455,438,1,1,0
19,455,439,1,1,0
18,455,437,1,1,0
9,455,409,1,1,0
9,455,410,1,1,0
10,455,411,1,0,3
10,455,412,1,0,3
18,455,436,1,1,0
18,455,435,1,1,0
17,455,432,1,1,0
17,455,434,1,1,0
17,455,433,1,1,0
16,455,431,1,0,3
16,455,430,1,0,3
16,455,429,1,0,3
15,455,428,1,0,3
15,455,427,1,0,3
15,455,426,1,0,3
14,455,425,1,0,3
14,455,424,1,0,3
10,455,413,1,0,3
11,455,414,1,0,3
11,455,415,1,0,3
11,455,416,1,0,3
14,455,423,1,0,3
13,455,422,1,0,3
12,455,417,1,0,3
13,455,421,1,0,3
13,455,420,1,0,3
12,455,418,1,0,3
12,455,419,1,0,3
0,455,223,1,0,3
0,455,224,1,0,3
0,455,225,1,0,3
23,455,222,1,0,3
6,455,171,1,0,3
7,455,172,1,1,0
22,455,219,1,0,3
7,455,173,1,1,0
21,455,215,1,0,3
21,455,216,1,0,3
21,455,214,1,0,3
7,455,174,1,1,0
22,455,218,1,0,3
22,455,217,1,0,3
23,455,220,1,0,3
23,455,221,1,0,3
8,455,175,1,1,0
20,455,213,1,0,3
20,455,212,1,0,3
20,455,211,1,0,3
8,455,176,1,1,0
19,455,210,1,1,0
19,455,209,1,1,0
8,455,177,1,1,0
9,455,178,1,1,0
18,455,208,1,1,0
9,455,179,1,1,0
9,455,180,1,1,0
10,455,181,1,0,3
18,455,207,1,1,0
10,455,182,1,0,3
17,455,205,1,1,0
18,455,206,1,1,0
10,455,183,1,0,3
11,455,184,1,0,3
11,455,185,1,0,3
11,455,186,1,0,3
11,455,187,1,0,3
17,455,204,1,1,0
16,455,201,1,0,3
17,455,203,1,1,0
16,455,202,1,0,3
12,455,188,1,0,3
12,455,189,1,0,3
15,455,199,1,0,3
15,455,198,1,0,3
15,455,197,1,0,3
14,455,196,1,0,3
12,455,190,1,0,3
13,455,191,1,0,3
16,455,200,1,0,3
13,455,193,1,0,3
13,455,192,1,0,3
14,455,195,1,0,3
14,455,194,1,0,3
0,455,313,0,0,2
0,455,314,0,0,2
23,455,311,0,0,2
0,455,312,0,0,2
23,455,310,0,0,2
23,455,309,0,0,2
23,455,308,0,0,2
22,455,306,0,0,2
22,455,307,0,0,2
22,455,305,0,0,2
22,455,304,0,0,2
21,455,303,0,0,2
5,455,226,0,0,2
21,455,302,0,0,2
20,455,299,0,0,2
21,455,301,0,0,2
20,455,298,0,0,2
21,455,300,0,0,2
20,455,297,0,0,2
5,455,227,0,0,2
20,455,296,0,0,2
5,455,228,0,0,2
19,455,295,0,1,0
19,455,294,0,1,0
6,455,229,0,0,2
19,455,293,0,1,0
19,455,292,0,1,0
11,455,257,0,0,2
11,455,258,0,0,2
11,455,259,0,0,2
12,455,260,0,0,2
12,455,261,0,0,2
12,455,262,0,0,2
12,455,263,0,0,2
13,455,264,0,0,2
13,455,265,0,0,2
13,455,266,0,0,2
6,455,230,0,0,2
6,455,231,0,0,2
10,455,251,0,0,2
10,455,252,0,0,2
10,455,253,0,0,2
10,455,254,0,0,2
11,455,256,0,0,2
11,455,255,0,0,2
13,455,267,0,0,2
18,455,291,0,1,0
18,455,289,0,1,0
18,455,290,0,1,0
18,455,288,0,1,0
6,455,232,0,0,2
9,455,249,0,1,0
10,455,250,0,0,2
18,455,287,0,1,0
13,455,268,0,0,2
9,455,247,0,1,0
9,455,248,0,1,0
14,455,270,0,0,2
14,455,269,0,0,2
15,455,274,0,0,2
14,455,271,0,0,2
15,455,273,0,0,2
14,455,272,0,0,2
6,455,233,0,0,2
6,455,234,0,0,2
9,455,246,0,1,0
7,455,235,0,1,0
7,455,236,0,1,0
17,455,286,0,1,0
17,455,285,0,1,0
17,455,283,0,1,0
17,455,282,0,1,0
16,455,281,0,0,2
17,455,284,0,1,0
15,455,275,0,0,2
16,455,280,0,0,2
16,455,279,0,0,2
15,455,277,0,0,2
16,455,278,0,0,2
15,455,276,0,0,2
8,455,244,0,1,0
8,455,245,0,1,0
8,455,243,0,1,0
8,455,242,0,1,0
7,455,237,0,1,0
8,455,241,0,1,0
7,455,238,0,1,0
7,455,239,0,1,0
7,455,240,0,1,0
0,455,87,0,0,2
0,455,85,0,0,2
0,455,86,0,0,2
5,455,1,0,0,2
5,455,2,0,0,2
23,455,84,0,0,2
23,455,81,0,0,2
23,455,82,0,0,2
23,455,83,0,0,2
22,455,80,0,0,2
22,455,79,0,0,2
22,455,78,0,0,2
5,455,3,0,0,2
5,455,4,0,0,2
21,455,76,0,0,2
22,455,77,0,0,2
21,455,75,0,0,2
21,455,74,0,0,2
20,455,71,0,0,2
20,455,72,0,0,2
21,455,73,0,0,2
6,455,5,0,0,2
20,455,70,0,0,2
20,455,69,0,0,2
6,455,6,0,0,2
19,455,68,0,1,0
6,455,7,0,0,2
19,455,67,0,1,0
19,455,65,0,1,0
19,455,66,0,1,0
19,455,64,0,1,0
6,455,8,0,0,2
6,455,9,0,0,2
18,455,63,0,1,0
9,455,22,0,1,0
10,455,23,0,0,2
10,455,24,0,0,2
10,455,25,0,0,2
10,455,26,0,0,2
11,455,27,0,0,2
11,455,28,0,0,2
11,455,29,0,0,2
11,455,30,0,0,2
11,455,31,0,0,2
12,455,32,0,0,2
12,455,33,0,0,2
12,455,34,0,0,2
12,455,35,0,0,2
12,455,36,0,0,2
13,455,37,0,0,2
18,455,62,0,1,0
7,455,10,0,1,0
18,455,61,0,1,0
9,455,19,0,1,0
9,455,20,0,1,0
9,455,21,0,1,0
9,455,18,0,1,0
13,455,38,0,0,2
13,455,39,0,0,2
13,455,40,0,0,2
7,455,11,0,1,0
18,455,60,0,1,0
17,455,58,0,1,0
17,455,59,0,1,0
17,455,57,0,1,0
14,455,41,0,0,2
14,455,42,0,0,2
14,455,43,0,0,2
14,455,44,0,0,2
8,455,17,0,1,0
8,455,16,0,1,0
7,455,12,0,1,0
17,455,56,0,1,0
16,455,54,0,0,2
17,455,55,0,1,0
16,455,53,0,0,2
14,455,45,0,0,2
8,455,15,0,1,0
16,455,52,0,0,2
16,455,51,0,0,2
15,455,49,0,0,2
16,455,50,0,0,2
15,455,48,0,0,2
8,455,14,0,1,0
7,455,13,0,1,0
15,455,47,0,0,2
15,455,46,0,0,2
7,494,151,0,1,0
7,494,151,0,1,0
7,494,151,0,1,0
8,494,153,0,1,0
8,494,153,0,1,0
8,494,153,0,1,0
20,494,178,0,0,2
20,494,178,0,0,2
20,494,178,0,0,2
21,494,179,0,0,2
21,494,179,0,0,2
21,494,179,0,0,2
22,494,180,0,0,2
22,494,180,0,0,2
22,494,180,0,0,2
23,494,181,0,0,2
23,494,181,0,0,2
23,494,181,0,0,2
0,494,182,0,0,2
0,494,182,0,0,2
0,494,182,0,0,2
6,494,149,0,0,2
6,494,149,0,0,2
6,494,149,0,0,2
7,494,150,0,1,0
7,494,150,0,1,0
7,494,150,0,1,0
10,494,158,0,0,2
10,494,158,0,0,2
10,494,158,0,0,2
10,494,159,0,0,2
10,494,159,0,0,2
10,494,159,0,0,2
11,494,160,0,0,2
11,494,160,0,0,2
11,494,160,0,0,2
11,494,161,0,0,2
11,494,161,0,0,2
11,494,161,0,0,2
12,494,162,0,0,2
12,494,162,0,0,2
12,494,162,0,0,2
12,494,163,0,0,2
12,494,163,0,0,2
12,494,163,0,0,2
13,494,164,0,0,2
13,494,164,0,0,2
13,494,164,0,0,2
13,494,165,0,0,2
13,494,165,0,0,2
13,494,165,0,0,2
14,494,166,0,0,2
14,494,166,0,0,2
14,494,166,0,0,2
19,494,176,0,1,0
19,494,176,0,1,0
19,494,176,0,1,0
19,494,177,0,1,0
19,494,177,0,1,0
19,494,177,0,1,0
14,494,167,0,0,2
14,494,167,0,0,2
14,494,167,0,0,2
15,494,168,0,0,2
15,494,168,0,0,2
15,494,168,0,0,2
15,494,169,0,0,2
15,494,169,0,0,2
15,494,169,0,0,2
16,494,170,0,0,2
16,494,170,0,0,2
16,494,170,0,0,2
16,494,171,0,0,2
16,494,171,0,0,2
16,494,171,0,0,2
17,494,172,0,1,0
17,494,172,0,1,0
17,494,172,0,1,0
17,494,173,0,1,0
17,494,173,0,1,0
17,494,173,0,1,0
18,494,174,0,1,0
18,494,174,0,1,0
18,494,174,0,1,0
18,494,175,0,1,0
18,494,175,0,1,0
18,494,175,0,1,0
7,494,152,0,1,0
7,494,152,0,1,0
7,494,152,0,1,0
8,494,154,0,1,0
8,494,154,0,1,0
8,494,154,0,1,0
8,494,155,0,1,0
8,494,155,0,1,0
8,494,155,0,1,0
9,494,156,0,1,0
9,494,156,0,1,0
9,494,156,0,1,0
9,494,157,0,1,0
9,494,157,0,1,0
9,494,157,0,1,0
15,494,53,0,0,2
15,494,53,0,0,2
15,494,53,0,0,2
21,494,64,0,0,2
21,494,64,0,0,2
21,494,64,0,0,2
22,494,65,0,0,2
22,494,65,0,0,2
22,494,65,0,0,2
23,494,66,0,0,2
23,494,66,0,0,2
23,494,66,0,0,2
0,494,67,0,0,2
0,494,67,0,0,2
0,494,67,0,0,2
6,494,34,0,0,2
6,494,34,0,0,2
6,494,34,0,0,2
6,494,35,0,0,2
6,494,35,0,0,2
6,494,35,0,0,2
7,494,36,0,1,0
7,494,36,0,1,0
7,494,36,0,1,0
9,494,40,0,1,0
9,494,40,0,1,0
9,494,40,0,1,0
9,494,41,0,1,0
9,494,41,0,1,0
9,494,41,0,1,0
10,494,42,0,0,2
10,494,42,0,0,2
10,494,42,0,0,2
10,494,43,0,0,2
10,494,43,0,0,2
10,494,43,0,0,2
11,494,44,0,0,2
11,494,44,0,0,2
11,494,44,0,0,2
11,494,45,0,0,2
11,494,45,0,0,2
11,494,45,0,0,2
12,494,46,0,0,2
12,494,46,0,0,2
12,494,46,0,0,2
12,494,47,0,0,2
12,494,47,0,0,2
12,494,47,0,0,2
13,494,48,0,0,2
13,494,48,0,0,2
13,494,48,0,0,2
13,494,49,0,0,2
13,494,49,0,0,2
13,494,49,0,0,2
14,494,50,0,0,2
14,494,50,0,0,2
14,494,50,0,0,2
19,494,61,0,1,0
19,494,61,0,1,0
19,494,61,0,1,0
19,494,62,0,1,0
19,494,62,0,1,0
19,494,62,0,1,0
20,494,63,0,0,2
20,494,63,0,0,2
20,494,63,0,0,2
7,494,37,0,1,0
7,494,37,0,1,0
7,494,37,0,1,0
8,494,38,0,1,0
8,494,38,0,1,0
8,494,38,0,1,0
8,494,39,0,1,0
8,494,39,0,1,0
8,494,39,0,1,0
14,494,51,0,0,2
14,494,51,0,0,2
14,494,51,0,0,2
15,494,52,0,0,2
15,494,52,0,0,2
15,494,52,0,0,2
15,494,54,0,0,2
15,494,54,0,0,2
15,494,54,0,0,2
16,494,55,0,0,2
16,494,55,0,0,2
16,494,55,0,0,2
16,494,56,0,0,2
16,494,56,0,0,2
16,494,56,0,0,2
17,494,57,0,1,0
17,494,57,0,1,0
17,494,57,0,1,0
17,494,58,0,1,0
17,494,58,0,1,0
17,494,58,0,1,0
18,494,59,0,1,0
18,494,59,0,1,0
18,494,59,0,1,0
18,494,60,0,1,0
18,494,60,0,1,0
18,494,60,0,1,0
0,494,213,1,0,3
0,494,213,1,0,3
0,494,213,1,0,3
6,494,183,1,0,3
6,494,183,1,0,3
6,494,183,1,0,3
7,494,184,1,1,0
7,494,184,1,1,0
7,494,184,1,1,0
7,494,185,1,1,0
7,494,185,1,1,0
7,494,185,1,1,0
8,494,186,1,1,0
8,494,186,1,1,0
8,494,186,1,1,0
20,494,209,1,0,3
20,494,209,1,0,3
20,494,209,1,0,3
21,494,210,1,0,3
21,494,210,1,0,3
21,494,210,1,0,3
22,494,211,1,0,3
22,494,211,1,0,3
22,494,211,1,0,3
23,494,212,1,0,3
23,494,212,1,0,3
23,494,212,1,0,3
8,494,187,1,1,0
8,494,187,1,1,0
8,494,187,1,1,0
9,494,188,1,1,0
9,494,188,1,1,0
9,494,188,1,1,0
9,494,189,1,1,0
9,494,189,1,1,0
9,494,189,1,1,0
10,494,190,1,0,3
10,494,190,1,0,3
10,494,190,1,0,3
10,494,191,1,0,3
10,494,191,1,0,3
10,494,191,1,0,3
11,494,192,1,0,3
11,494,192,1,0,3
11,494,192,1,0,3
11,494,193,1,0,3
11,494,193,1,0,3
11,494,193,1,0,3
12,494,194,1,0,3
12,494,194,1,0,3
12,494,194,1,0,3
12,494,195,1,0,3
12,494,195,1,0,3
12,494,195,1,0,3
13,494,196,1,0,3
13,494,196,1,0,3
13,494,196,1,0,3
13,494,197,1,0,3
13,494,197,1,0,3
13,494,197,1,0,3
14,494,198,1,0,3
14,494,198,1,0,3
14,494,198,1,0,3
14,494,199,1,0,3
14,494,199,1,0,3
14,494,199,1,0,3
15,494,200,1,0,3
15,494,200,1,0,3
15,494,200,1,0,3
15,494,201,1,0,3
15,494,201,1,0,3
15,494,201,1,0,3
16,494,202,1,0,3
16,494,202,1,0,3
16,494,202,1,0,3
16,494,203,1,0,3
16,494,203,1,0,3
16,494,203,1,0,3
17,494,204,1,1,0
17,494,204,1,1,0
17,494,204,1,1,0
17,494,205,1,1,0
17,494,205,1,1,0
17,494,205,1,1,0
18,494,206,1,1,0
18,494,206,1,1,0
18,494,206,1,1,0
18,494,207,1,1,0
18,494,207,1,1,0
18,494,207,1,1,0
19,494,208,1,1,0
19,494,208,1,1,0
19,494,208,1,1,0
6,494,68,1,0,3
6,494,68,1,0,3
6,494,68,1,0,3
6,494,69,1,0,3
6,494,69,1,0,3
6,494,69,1,0,3
7,494,70,1,1,0
7,494,70,1,1,0
7,494,70,1,1,0
7,494,71,1,1,0
7,494,71,1,1,0
7,494,71,1,1,0
8,494,72,1,1,0
8,494,72,1,1,0
8,494,72,1,1,0
0,494,99,1,0,3
0,494,99,1,0,3
0,494,99,1,0,3
21,494,96,1,0,3
21,494,96,1,0,3
21,494,96,1,0,3
22,494,97,1,0,3
22,494,97,1,0,3
22,494,97,1,0,3
23,494,98,1,0,3
23,494,98,1,0,3
23,494,98,1,0,3
8,494,73,1,1,0
8,494,73,1,1,0
8,494,73,1,1,0
9,494,74,1,1,0
9,494,74,1,1,0
9,494,74,1,1,0
9,494,75,1,1,0
9,494,75,1,1,0
9,494,75,1,1,0
10,494,76,1,0,3
10,494,76,1,0,3
10,494,76,1,0,3
10,494,77,1,0,3
10,494,77,1,0,3
10,494,77,1,0,3
11,494,78,1,0,3
11,494,78,1,0,3
11,494,78,1,0,3
11,494,79,1,0,3
11,494,79,1,0,3
11,494,79,1,0,3
12,494,80,1,0,3
12,494,80,1,0,3
12,494,80,1,0,3
12,494,81,1,0,3
12,494,81,1,0,3
12,494,81,1,0,3
13,494,82,1,0,3
13,494,82,1,0,3
13,494,82,1,0,3
13,494,83,1,0,3
13,494,83,1,0,3
13,494,83,1,0,3
14,494,84,1,0,3
14,494,84,1,0,3
14,494,84,1,0,3
14,494,85,1,0,3
14,494,85,1,0,3
14,494,85,1,0,3
15,494,86,1,0,3
15,494,86,1,0,3
15,494,86,1,0,3
15,494,87,1,0,3
15,494,87,1,0,3
15,494,87,1,0,3
16,494,88,1,0,3
16,494,88,1,0,3
16,494,88,1,0,3
16,494,89,1,0,3
16,494,89,1,0,3
16,494,89,1,0,3
17,494,90,1,1,0
17,494,90,1,1,0
17,494,90,1,1,0
17,494,91,1,1,0
17,494,91,1,1,0
17,494,91,1,1,0
18,494,92,1,1,0
18,494,92,1,1,0
18,494,92,1,1,0
18,494,93,1,1,0
18,494,93,1,1,0
18,494,93,1,1,0
19,494,94,1,1,0
19,494,94,1,1,0
19,494,94,1,1,0
20,494,95,1,0,3
20,494,95,1,0,3
20,494,95,1,0,3
8,494,214,1,1,0
8,494,214,1,1,0
8,494,214,1,1,0
9,494,215,1,1,0
9,494,215,1,1,0
9,494,215,1,1,0
20,494,226,1,0,3
20,494,226,1,0,3
20,494,226,1,0,3
21,494,227,1,0,3
21,494,227,1,0,3
21,494,227,1,0,3
22,494,228,1,0,3
22,494,228,1,0,3
22,494,228,1,0,3
23,494,229,1,0,3
23,494,229,1,0,3
23,494,229,1,0,3
0,494,230,1,0,3
0,494,230,1,0,3
0,494,230,1,0,3
10,494,216,1,0,3
10,494,216,1,0,3
10,494,216,1,0,3
11,494,217,1,0,3
11,494,217,1,0,3
11,494,217,1,0,3
12,494,218,1,0,3
12,494,218,1,0,3
12,494,218,1,0,3
13,494,219,1,0,3
13,494,219,1,0,3
13,494,219,1,0,3
14,494,220,1,0,3
14,494,220,1,0,3
14,494,220,1,0,3
15,494,221,1,0,3
15,494,221,1,0,3
15,494,221,1,0,3
16,494,222,1,0,3
16,494,222,1,0,3
16,494,222,1,0,3
17,494,223,1,1,0
17,494,223,1,1,0
17,494,223,1,1,0
18,494,224,1,1,0
18,494,224,1,1,0
18,494,224,1,1,0
19,494,225,1,1,0
19,494,225,1,1,0
19,494,225,1,1,0
8,494,100,1,1,0
8,494,100,1,1,0
8,494,100,1,1,0
9,494,101,1,1,0
9,494,101,1,1,0
9,494,101,1,1,0
21,494,113,1,0,3
21,494,113,1,0,3
21,494,113,1,0,3
22,494,114,1,0,3
22,494,114,1,0,3
22,494,114,1,0,3
23,494,115,1,0,3
23,494,115,1,0,3
23,494,115,1,0,3
0,494,116,1,0,3
0,494,116,1,0,3
0,494,116,1,0,3
10,494,102,1,0,3
10,494,102,1,0,3
10,494,102,1,0,3
11,494,103,1,0,3
11,494,103,1,0,3
11,494,103,1,0,3
12,494,104,1,0,3
12,494,104,1,0,3
12,494,104,1,0,3
13,494,105,1,0,3
13,494,105,1,0,3
13,494,105,1,0,3
14,494,106,1,0,3
14,494,106,1,0,3
14,494,106,1,0,3
15,494,107,1,0,3
15,494,107,1,0,3
15,494,107,1,0,3
16,494,108,1,0,3
16,494,108,1,0,3
16,494,108,1,0,3
17,494,109,1,1,0
17,494,109,1,1,0
17,494,109,1,1,0
18,494,110,1,1,0
18,494,110,1,1,0
18,494,110,1,1,0
19,494,111,1,1,0
19,494,111,1,1,0
19,494,111,1,1,0
20,494,112,1,0,3
20,494,112,1,0,3
20,494,112,1,0,3
20,494,144,0,0,2
20,494,144,0,0,2
20,494,144,0,0,2
21,494,145,0,0,2
21,494,145,0,0,2
21,494,145,0,0,2
22,494,146,0,0,2
22,494,146,0,0,2
22,494,146,0,0,2
23,494,147,0,0,2
23,494,147,0,0,2
23,494,147,0,0,2
0,494,148,0,0,2
0,494,148,0,0,2
0,494,148,0,0,2
6,494,117,0,0,2
6,494,117,0,0,2
6,494,117,0,0,2
7,494,118,0,1,0
7,494,118,0,1,0
7,494,118,0,1,0
10,494,124,0,0,2
10,494,124,0,0,2
10,494,124,0,0,2
10,494,125,0,0,2
10,494,125,0,0,2
10,494,125,0,0,2
11,494,126,0,0,2
11,494,126,0,0,2
11,494,126,0,0,2
11,494,127,0,0,2
11,494,127,0,0,2
11,494,127,0,0,2
12,494,128,0,0,2
12,494,128,0,0,2
12,494,128,0,0,2
12,494,129,0,0,2
12,494,129,0,0,2
12,494,129,0,0,2
13,494,130,0,0,2
13,494,130,0,0,2
13,494,130,0,0,2
13,494,131,0,0,2
13,494,131,0,0,2
13,494,131,0,0,2
14,494,132,0,0,2
14,494,132,0,0,2
14,494,132,0,0,2
19,494,142,0,1,0
19,494,142,0,1,0
19,494,142,0,1,0
19,494,143,0,1,0
19,494,143,0,1,0
19,494,143,0,1,0
14,494,133,0,0,2
14,494,133,0,0,2
14,494,133,0,0,2
15,494,134,0,0,2
15,494,134,0,0,2
15,494,134,0,0,2
15,494,135,0,0,2
15,494,135,0,0,2
15,494,135,0,0,2
16,494,136,0,0,2
16,494,136,0,0,2
16,494,136,0,0,2
16,494,137,0,0,2
16,494,137,0,0,2
16,494,137,0,0,2
17,494,138,0,1,0
17,494,138,0,1,0
17,494,138,0,1,0
17,494,139,0,1,0
17,494,139,0,1,0
17,494,139,0,1,0
18,494,140,0,1,0
18,494,140,0,1,0
18,494,140,0,1,0
18,494,141,0,1,0
18,494,141,0,1,0
18,494,141,0,1,0
7,494,119,0,1,0
7,494,119,0,1,0
7,494,119,0,1,0
8,494,120,0,1,0
8,494,120,0,1,0
8,494,120,0,1,0
8,494,121,0,1,0
8,494,121,0,1,0
8,494,121,0,1,0
9,494,122,0,1,0
9,494,122,0,1,0
9,494,122,0,1,0
9,494,123,0,1,0
9,494,123,0,1,0
9,494,123,0,1,0
21,494,30,0,0,2
21,494,30,0,0,2
21,494,30,0,0,2
22,494,31,0,0,2
22,494,31,0,0,2
22,494,31,0,0,2
23,494,32,0,0,2
23,494,32,0,0,2
23,494,32,0,0,2
0,494,33,0,0,2
0,494,33,0,0,2
0,494,33,0,0,2
6,494,1,0,0,2
6,494,1,0,0,2
6,494,1,0,0,2
6,494,2,0,0,2
6,494,2,0,0,2
6,494,2,0,0,2
7,494,3,0,1,0
7,494,3,0,1,0
7,494,3,0,1,0
9,494,7,0,1,0
9,494,7,0,1,0
9,494,7,0,1,0
9,494,8,0,1,0
9,494,8,0,1,0
9,494,8,0,1,0
10,494,9,0,0,2
10,494,9,0,0,2
10,494,9,0,0,2
10,494,10,0,0,2
10,494,10,0,0,2
10,494,10,0,0,2
11,494,11,0,0,2
11,494,11,0,0,2
11,494,11,0,0,2
11,494,12,0,0,2
11,494,12,0,0,2
11,494,12,0,0,2
12,494,13,0,0,2
12,494,13,0,0,2
12,494,13,0,0,2
12,494,14,0,0,2
12,494,14,0,0,2
12,494,14,0,0,2
13,494,15,0,0,2
13,494,15,0,0,2
13,494,15,0,0,2
13,494,16,0,0,2
13,494,16,0,0,2
13,494,16,0,0,2
14,494,17,0,0,2
14,494,17,0,0,2
14,494,17,0,0,2
19,494,27,0,1,0
19,494,27,0,1,0
19,494,27,0,1,0
19,494,28,0,1,0
19,494,28,0,1,0
19,494,28,0,1,0
20,494,29,0,0,2
20,494,29,0,0,2
20,494,29,0,0,2
7,494,4,0,1,0
7,494,4,0,1,0
7,494,4,0,1,0
8,494,5,0,1,0
8,494,5,0,1,0
8,494,5,0,1,0
8,494,6,0,1,0
8,494,6,0,1,0
8,494,6,0,1,0
14,494,18,0,0,2
14,494,18,0,0,2
14,494,18,0,0,2
15,494,19,0,0,2
15,494,19,0,0,2
15,494,19,0,0,2
15,494,20,0,0,2
15,494,20,0,0,2
15,494,20,0,0,2
16,494,21,0,0,2
16,494,21,0,0,2
16,494,21,0,0,2
16,494,22,0,0,2
16,494,22,0,0,2
16,494,22,0,0,2
17,494,23,0,1,0
17,494,23,0,1,0
17,494,23,0,1,0
17,494,24,0,1,0
17,494,24,0,1,0
17,494,24,0,1,0
18,494,25,0,1,0
18,494,25,0,1,0
18,494,25,0,1,0
18,494,26,0,1,0
18,494,26,0,1,0
18,494,26,0,1,0
7,494,58,0,1,0
7,494,58,0,1,0
7,494,58,0,1,0
20,494,72,0,0,2
20,494,72,0,0,2
20,494,72,0,0,2
21,494,73,0,0,2
21,494,73,0,0,2
21,494,73,0,0,2
22,494,74,0,0,2
22,494,74,0,0,2
22,494,74,0,0,2
23,494,75,0,0,2
23,494,75,0,0,2
23,494,75,0,0,2
0,494,76,0,0,2
0,494,76,0,0,2
0,494,76,0,0,2
6,494,57,0,0,2
6,494,57,0,0,2
6,494,57,0,0,2
10,494,62,0,0,2
10,494,62,0,0,2
10,494,62,0,0,2
11,494,63,0,0,2
11,494,63,0,0,2
11,494,63,0,0,2
12,494,64,0,0,2
12,494,64,0,0,2
12,494,64,0,0,2
13,494,65,0,0,2
13,494,65,0,0,2
13,494,65,0,0,2
19,494,71,0,1,0
19,494,71,0,1,0
19,494,71,0,1,0
18,494,70,0,1,0
18,494,70,0,1,0
18,494,70,0,1,0
14,494,66,0,0,2
14,494,66,0,0,2
14,494,66,0,0,2
15,494,67,0,0,2
15,494,67,0,0,2
15,494,67,0,0,2
16,494,68,0,0,2
16,494,68,0,0,2
16,494,68,0,0,2
17,494,69,0,1,0
17,494,69,0,1,0
17,494,69,0,1,0
9,494,61,0,1,0
9,494,61,0,1,0
9,494,61,0,1,0
7,494,59,0,1,0
7,494,59,0,1,0
7,494,59,0,1,0
8,494,60,0,1,0
8,494,60,0,1,0
8,494,60,0,1,0
21,494,17,0,0,2
21,494,17,0,0,2
21,494,17,0,0,2
22,494,18,0,0,2
22,494,18,0,0,2
22,494,18,0,0,2
23,494,19,0,0,2
23,494,19,0,0,2
23,494,19,0,0,2
20,494,16,0,0,2
20,494,16,0,0,2
20,494,16,0,0,2
5,494,1,0,0,2
5,494,1,0,0,2
5,494,1,0,0,2
6,494,2,0,0,2
6,494,2,0,0,2
6,494,2,0,0,2
9,494,5,0,1,0
9,494,5,0,1,0
9,494,5,0,1,0
10,494,6,0,0,2
10,494,6,0,0,2
10,494,6,0,0,2
11,494,7,0,0,2
11,494,7,0,0,2
11,494,7,0,0,2
12,494,8,0,0,2
12,494,8,0,0,2
12,494,8,0,0,2
13,494,9,0,0,2
13,494,9,0,0,2
13,494,9,0,0,2
19,494,15,0,1,0
19,494,15,0,1,0
19,494,15,0,1,0
7,494,3,0,1,0
7,494,3,0,1,0
7,494,3,0,1,0
8,494,4,0,1,0
8,494,4,0,1,0
8,494,4,0,1,0
14,494,10,0,0,2
14,494,10,0,0,2
14,494,10,0,0,2
15,494,11,0,0,2
15,494,11,0,0,2
15,494,11,0,0,2
16,494,12,0,0,2
16,494,12,0,0,2
16,494,12,0,0,2
17,494,13,0,1,0
17,494,13,0,1,0
17,494,13,0,1,0
18,494,14,0,1,0
18,494,14,0,1,0
18,494,14,0,1,0
6,494,77,1,0,3
6,494,77,1,0,3
6,494,77,1,0,3
7,494,78,1,1,0
7,494,78,1,1,0
7,494,78,1,1,0
21,494,92,1,0,3
21,494,92,1,0,3
21,494,92,1,0,3
22,494,93,1,0,3
22,494,93,1,0,3
22,494,93,1,0,3
23,494,94,1,0,3
23,494,94,1,0,3
23,494,94,1,0,3
0,494,95,1,0,3
0,494,95,1,0,3
0,494,95,1,0,3
20,494,91,1,0,3
20,494,91,1,0,3
20,494,91,1,0,3
8,494,79,1,1,0
8,494,79,1,1,0
8,494,79,1,1,0
9,494,80,1,1,0
9,494,80,1,1,0
9,494,80,1,1,0
10,494,81,1,0,3
10,494,81,1,0,3
10,494,81,1,0,3
11,494,82,1,0,3
11,494,82,1,0,3
11,494,82,1,0,3
12,494,83,1,0,3
12,494,83,1,0,3
12,494,83,1,0,3
13,494,84,1,0,3
13,494,84,1,0,3
13,494,84,1,0,3
14,494,85,1,0,3
14,494,85,1,0,3
14,494,85,1,0,3
15,494,86,1,0,3
15,494,86,1,0,3
15,494,86,1,0,3
16,494,87,1,0,3
16,494,87,1,0,3
16,494,87,1,0,3
17,494,88,1,1,0
17,494,88,1,1,0
17,494,88,1,1,0
18,494,89,1,1,0
18,494,89,1,1,0
18,494,89,1,1,0
19,494,90,1,1,0
19,494,90,1,1,0
19,494,90,1,1,0
0,494,39,1,0,3
0,494,39,1,0,3
0,494,39,1,0,3
5,494,20,1,0,3
5,494,20,1,0,3
5,494,20,1,0,3
6,494,21,1,0,3
6,494,21,1,0,3
6,494,21,1,0,3
7,494,22,1,1,0
7,494,22,1,1,0
7,494,22,1,1,0
21,494,36,1,0,3
21,494,36,1,0,3
21,494,36,1,0,3
22,494,37,1,0,3
22,494,37,1,0,3
22,494,37,1,0,3
23,494,38,1,0,3
23,494,38,1,0,3
23,494,38,1,0,3
8,494,23,1,1,0
8,494,23,1,1,0
8,494,23,1,1,0
9,494,24,1,1,0
9,494,24,1,1,0
9,494,24,1,1,0
10,494,25,1,0,3
10,494,25,1,0,3
10,494,25,1,0,3
11,494,26,1,0,3
11,494,26,1,0,3
11,494,26,1,0,3
12,494,27,1,0,3
12,494,27,1,0,3
12,494,27,1,0,3
13,494,28,1,0,3
13,494,28,1,0,3
13,494,28,1,0,3
14,494,29,1,0,3
14,494,29,1,0,3
14,494,29,1,0,3
15,494,30,1,0,3
15,494,30,1,0,3
15,494,30,1,0,3
16,494,31,1,0,3
16,494,31,1,0,3
16,494,31,1,0,3
17,494,32,1,1,0
17,494,32,1,1,0
17,494,32,1,1,0
18,494,33,1,1,0
18,494,33,1,1,0
18,494,33,1,1,0
19,494,34,1,1,0
19,494,34,1,1,0
19,494,34,1,1,0
20,494,35,1,0,3
20,494,35,1,0,3
20,494,35,1,0,3
7,494,96,1,1,0
7,494,96,1,1,0
7,494,96,1,1,0
8,494,97,1,1,0
8,494,97,1,1,0
8,494,97,1,1,0
9,494,98,1,1,0
9,494,98,1,1,0
9,494,98,1,1,0
20,494,109,1,0,3
20,494,109,1,0,3
20,494,109,1,0,3
21,494,110,1,0,3
21,494,110,1,0,3
21,494,110,1,0,3
22,494,111,1,0,3
22,494,111,1,0,3
22,494,111,1,0,3
23,494,112,1,0,3
23,494,112,1,0,3
23,494,112,1,0,3
0,494,113,1,0,3
0,494,113,1,0,3
0,494,113,1,0,3
10,494,99,1,0,3
10,494,99,1,0,3
10,494,99,1,0,3
11,494,100,1,0,3
11,494,100,1,0,3
11,494,100,1,0,3
12,494,101,1,0,3
12,494,101,1,0,3
12,494,101,1,0,3
13,494,102,1,0,3
13,494,102,1,0,3
13,494,102,1,0,3
14,494,103,1,0,3
14,494,103,1,0,3
14,494,103,1,0,3
15,494,104,1,0,3
15,494,104,1,0,3
15,494,104,1,0,3
16,494,105,1,0,3
16,494,105,1,0,3
16,494,105,1,0,3
17,494,106,1,1,0
17,494,106,1,1,0
17,494,106,1,1,0
18,494,107,1,1,0
18,494,107,1,1,0
18,494,107,1,1,0
19,494,108,1,1,0
19,494,108,1,1,0
19,494,108,1,1,0
7,494,40,1,1,0
7,494,40,1,1,0
7,494,40,1,1,0
8,494,41,1,1,0
8,494,41,1,1,0
8,494,41,1,1,0
9,494,42,1,1,0
9,494,42,1,1,0
9,494,42,1,1,0
21,494,54,1,0,3
21,494,54,1,0,3
21,494,54,1,0,3
22,494,55,1,0,3
22,494,55,1,0,3
22,494,55,1,0,3
23,494,56,1,0,3
23,494,56,1,0,3
23,494,56,1,0,3
10,494,43,1,0,3
10,494,43,1,0,3
10,494,43,1,0,3
11,494,44,1,0,3
11,494,44,1,0,3
11,494,44,1,0,3
12,494,45,1,0,3
12,494,45,1,0,3
12,494,45,1,0,3
13,494,46,1,0,3
13,494,46,1,0,3
13,494,46,1,0,3
14,494,47,1,0,3
14,494,47,1,0,3
14,494,47,1,0,3
15,494,48,1,0,3
15,494,48,1,0,3
15,494,48,1,0,3
16,494,49,1,0,3
16,494,49,1,0,3
16,494,49,1,0,3
17,494,50,1,1,0
17,494,50,1,1,0
17,494,50,1,1,0
18,494,51,1,1,0
18,494,51,1,1,0
18,494,51,1,1,0
19,494,52,1,1,0
19,494,52,1,1,0
19,494,52,1,1,0
20,494,53,1,0,3
20,494,53,1,0,3
20,494,53,1,0,3
7,494,96,0,1,0
7,494,96,0,1,0
7,494,96,0,1,0
20,494,110,0,0,2
20,494,110,0,0,2
20,494,110,0,0,2
21,494,111,0,0,2
21,494,111,0,0,2
21,494,111,0,0,2
22,494,112,0,0,2
22,494,112,0,0,2
22,494,112,0,0,2
23,494,113,0,0,2
23,494,113,0,0,2
23,494,113,0,0,2
0,494,114,0,0,2
0,494,114,0,0,2
0,494,114,0,0,2
6,494,95,0,0,2
6,494,95,0,0,2
6,494,95,0,0,2
10,494,100,0,0,2
10,494,100,0,0,2
10,494,100,0,0,2
11,494,101,0,0,2
11,494,101,0,0,2
11,494,101,0,0,2
12,494,102,0,0,2
12,494,102,0,0,2
12,494,102,0,0,2
13,494,103,0,0,2
13,494,103,0,0,2
13,494,103,0,0,2
19,494,109,0,1,0
19,494,109,0,1,0
19,494,109,0,1,0
18,494,108,0,1,0
18,494,108,0,1,0
18,494,108,0,1,0
14,494,104,0,0,2
14,494,104,0,0,2
14,494,104,0,0,2
15,494,105,0,0,2
15,494,105,0,0,2
15,494,105,0,0,2
16,494,106,0,0,2
16,494,106,0,0,2
16,494,106,0,0,2
17,494,107,0,1,0
17,494,107,0,1,0
17,494,107,0,1,0
9,494,99,0,1,0
9,494,99,0,1,0
9,494,99,0,1,0
7,494,97,0,1,0
7,494,97,0,1,0
7,494,97,0,1,0
8,494,98,0,1,0
8,494,98,0,1,0
8,494,98,0,1,0
21,494,36,0,0,2
21,494,36,0,0,2
21,494,36,0,0,2
22,494,37,0,0,2
22,494,37,0,0,2
22,494,37,0,0,2
23,494,38,0,0,2
23,494,38,0,0,2
23,494,38,0,0,2
20,494,35,0,0,2
20,494,35,0,0,2
20,494,35,0,0,2
5,494,20,0,0,2
5,494,20,0,0,2
5,494,20,0,0,2
6,494,21,0,0,2
6,494,21,0,0,2
6,494,21,0,0,2
9,494,24,0,1,0
9,494,24,0,1,0
9,494,24,0,1,0
10,494,25,0,0,2
10,494,25,0,0,2
10,494,25,0,0,2
11,494,26,0,0,2
11,494,26,0,0,2
11,494,26,0,0,2
12,494,27,0,0,2
12,494,27,0,0,2
12,494,27,0,0,2
13,494,28,0,0,2
13,494,28,0,0,2
13,494,28,0,0,2
19,494,34,0,1,0
19,494,34,0,1,0
19,494,34,0,1,0
7,494,22,0,1,0
7,494,22,0,1,0
7,494,22,0,1,0
8,494,23,0,1,0
8,494,23,0,1,0
8,494,23,0,1,0
14,494,29,0,0,2
14,494,29,0,0,2
14,494,29,0,0,2
15,494,30,0,0,2
15,494,30,0,0,2
15,494,30,0,0,2
16,494,31,0,0,2
16,494,31,0,0,2
16,494,31,0,0,2
17,494,32,0,1,0
17,494,32,0,1,0
17,494,32,0,1,0
18,494,33,0,1,0
18,494,33,0,1,0
18,494,33,0,1,0
6,494,115,1,0,3
6,494,115,1,0,3
6,494,115,1,0,3
7,494,116,1,1,0
7,494,116,1,1,0
7,494,116,1,1,0
21,494,130,1,0,3
21,494,130,1,0,3
21,494,130,1,0,3
22,494,131,1,0,3
22,494,131,1,0,3
22,494,131,1,0,3
23,494,132,1,0,3
23,494,132,1,0,3
23,494,132,1,0,3
0,494,133,1,0,3
0,494,133,1,0,3
0,494,133,1,0,3
20,494,129,1,0,3
20,494,129,1,0,3
20,494,129,1,0,3
8,494,117,1,1,0
8,494,117,1,1,0
8,494,117,1,1,0
9,494,118,1,1,0
9,494,118,1,1,0
9,494,118,1,1,0
10,494,119,1,0,3
10,494,119,1,0,3
10,494,119,1,0,3
11,494,120,1,0,3
11,494,120,1,0,3
11,494,120,1,0,3
12,494,121,1,0,3
12,494,121,1,0,3
12,494,121,1,0,3
13,494,122,1,0,3
13,494,122,1,0,3
13,494,122,1,0,3
14,494,123,1,0,3
14,494,123,1,0,3
14,494,123,1,0,3
15,494,124,1,0,3
15,494,124,1,0,3
15,494,124,1,0,3
16,494,125,1,0,3
16,494,125,1,0,3
16,494,125,1,0,3
17,494,126,1,1,0
17,494,126,1,1,0
17,494,126,1,1,0
18,494,127,1,1,0
18,494,127,1,1,0
18,494,127,1,1,0
19,494,128,1,1,0
19,494,128,1,1,0
19,494,128,1,1,0
0,494,58,1,0,3
0,494,58,1,0,3
0,494,58,1,0,3
5,494,39,1,0,3
5,494,39,1,0,3
5,494,39,1,0,3
6,494,40,1,0,3
6,494,40,1,0,3
6,494,40,1,0,3
7,494,41,1,1,0
7,494,41,1,1,0
7,494,41,1,1,0
21,494,55,1,0,3
21,494,55,1,0,3
21,494,55,1,0,3
22,494,56,1,0,3
22,494,56,1,0,3
22,494,56,1,0,3
23,494,57,1,0,3
23,494,57,1,0,3
23,494,57,1,0,3
8,494,42,1,1,0
8,494,42,1,1,0
8,494,42,1,1,0
9,494,43,1,1,0
9,494,43,1,1,0
9,494,43,1,1,0
10,494,44,1,0,3
10,494,44,1,0,3
10,494,44,1,0,3
11,494,45,1,0,3
11,494,45,1,0,3
11,494,45,1,0,3
12,494,46,1,0,3
12,494,46,1,0,3
12,494,46,1,0,3
13,494,47,1,0,3
13,494,47,1,0,3
13,494,47,1,0,3
14,494,48,1,0,3
14,494,48,1,0,3
14,494,48,1,0,3
15,494,49,1,0,3
15,494,49,1,0,3
15,494,49,1,0,3
16,494,50,1,0,3
16,494,50,1,0,3
16,494,50,1,0,3
17,494,51,1,1,0
17,494,51,1,1,0
17,494,51,1,1,0
18,494,52,1,1,0
18,494,52,1,1,0
18,494,52,1,1,0
19,494,53,1,1,0
19,494,53,1,1,0
19,494,53,1,1,0
20,494,54,1,0,3
20,494,54,1,0,3
20,494,54,1,0,3
7,494,134,1,1,0
7,494,134,1,1,0
7,494,134,1,1,0
8,494,135,1,1,0
8,494,135,1,1,0
8,494,135,1,1,0
9,494,136,1,1,0
9,494,136,1,1,0
9,494,136,1,1,0
20,494,147,1,0,3
20,494,147,1,0,3
20,494,147,1,0,3
21,494,148,1,0,3
21,494,148,1,0,3
21,494,148,1,0,3
22,494,149,1,0,3
22,494,149,1,0,3
22,494,149,1,0,3
23,494,150,1,0,3
23,494,150,1,0,3
23,494,150,1,0,3
0,494,151,1,0,3
0,494,151,1,0,3
0,494,151,1,0,3
10,494,137,1,0,3
10,494,137,1,0,3
10,494,137,1,0,3
11,494,138,1,0,3
11,494,138,1,0,3
11,494,138,1,0,3
12,494,139,1,0,3
12,494,139,1,0,3
12,494,139,1,0,3
13,494,140,1,0,3
13,494,140,1,0,3
13,494,140,1,0,3
14,494,141,1,0,3
14,494,141,1,0,3
14,494,141,1,0,3
15,494,142,1,0,3
15,494,142,1,0,3
15,494,142,1,0,3
16,494,143,1,0,3
16,494,143,1,0,3
16,494,143,1,0,3
17,494,144,1,1,0
17,494,144,1,1,0
17,494,144,1,1,0
18,494,145,1,1,0
18,494,145,1,1,0
18,494,145,1,1,0
19,494,146,1,1,0
19,494,146,1,1,0
19,494,146,1,1,0
7,494,59,1,1,0
7,494,59,1,1,0
7,494,59,1,1,0
8,494,60,1,1,0
8,494,60,1,1,0
8,494,60,1,1,0
9,494,61,1,1,0
9,494,61,1,1,0
9,494,61,1,1,0
21,494,73,1,0,3
21,494,73,1,0,3
21,494,73,1,0,3
22,494,74,1,0,3
22,494,74,1,0,3
22,494,74,1,0,3
23,494,75,1,0,3
23,494,75,1,0,3
23,494,75,1,0,3
10,494,62,1,0,3
10,494,62,1,0,3
10,494,62,1,0,3
11,494,63,1,0,3
11,494,63,1,0,3
11,494,63,1,0,3
12,494,64,1,0,3
12,494,64,1,0,3
12,494,64,1,0,3
13,494,65,1,0,3
13,494,65,1,0,3
13,494,65,1,0,3
14,494,66,1,0,3
14,494,66,1,0,3
14,494,66,1,0,3
15,494,67,1,0,3
15,494,67,1,0,3
15,494,67,1,0,3
16,494,68,1,0,3
16,494,68,1,0,3
16,494,68,1,0,3
17,494,69,1,1,0
17,494,69,1,1,0
17,494,69,1,1,0
18,494,70,1,1,0
18,494,70,1,1,0
18,494,70,1,1,0
19,494,71,1,1,0
19,494,71,1,1,0
19,494,71,1,1,0
20,494,72,1,0,3
20,494,72,1,0,3
20,494,72,1,0,3
20,494,90,0,0,2
20,494,90,0,0,2
20,494,90,0,0,2
21,494,91,0,0,2
21,494,91,0,0,2
21,494,91,0,0,2
22,494,92,0,0,2
22,494,92,0,0,2
22,494,92,0,0,2
23,494,93,0,0,2
23,494,93,0,0,2
23,494,93,0,0,2
0,494,94,0,0,2
0,494,94,0,0,2
0,494,94,0,0,2
6,494,76,0,0,2
6,494,76,0,0,2
6,494,76,0,0,2
10,494,80,0,0,2
10,494,80,0,0,2
10,494,80,0,0,2
11,494,81,0,0,2
11,494,81,0,0,2
11,494,81,0,0,2
12,494,82,0,0,2
12,494,82,0,0,2
12,494,82,0,0,2
13,494,83,0,0,2
13,494,83,0,0,2
13,494,83,0,0,2
19,494,89,0,1,0
19,494,89,0,1,0
19,494,89,0,1,0
7,494,77,0,1,0
7,494,77,0,1,0
7,494,77,0,1,0
8,494,78,0,1,0
8,494,78,0,1,0
8,494,78,0,1,0
9,494,79,0,1,0
9,494,79,0,1,0
9,494,79,0,1,0
14,494,84,0,0,2
14,494,84,0,0,2
14,494,84,0,0,2
15,494,85,0,0,2
15,494,85,0,0,2
15,494,85,0,0,2
16,494,86,0,0,2
16,494,86,0,0,2
16,494,86,0,0,2
17,494,87,0,1,0
17,494,87,0,1,0
17,494,87,0,1,0
18,494,88,0,1,0
18,494,88,0,1,0
18,494,88,0,1,0
21,494,17,0,0,2
21,494,17,0,0,2
21,494,17,0,0,2
22,494,18,0,0,2
22,494,18,0,0,2
22,494,18,0,0,2
23,494,19,0,0,2
23,494,19,0,0,2
23,494,19,0,0,2
5,494,1,0,0,2
5,494,1,0,0,2
5,494,1,0,0,2
6,494,2,0,0,2
6,494,2,0,0,2
6,494,2,0,0,2
7,494,3,0,1,0
7,494,3,0,1,0
7,494,3,0,1,0
8,494,4,0,1,0
8,494,4,0,1,0
8,494,4,0,1,0
9,494,5,0,1,0
9,494,5,0,1,0
9,494,5,0,1,0
10,494,6,0,0,2
10,494,6,0,0,2
10,494,6,0,0,2
11,494,7,0,0,2
11,494,7,0,0,2
11,494,7,0,0,2
12,494,8,0,0,2
12,494,8,0,0,2
12,494,8,0,0,2
13,494,9,0,0,2
13,494,9,0,0,2
13,494,9,0,0,2
19,494,15,0,1,0
19,494,15,0,1,0
19,494,15,0,1,0
20,494,16,0,0,2
20,494,16,0,0,2
20,494,16,0,0,2
14,494,10,0,0,2
14,494,10,0,0,2
14,494,10,0,0,2
15,494,11,0,0,2
15,494,11,0,0,2
15,494,11,0,0,2
16,494,12,0,0,2
16,494,12,0,0,2
16,494,12,0,0,2
17,494,13,0,1,0
17,494,13,0,1,0
17,494,13,0,1,0
18,494,14,0,1,0
18,494,14,0,1,0
18,494,14,0,1,0
0,182,163,1,0,1
20,182,159,1,0,1
19,182,157,1,1,1
5,182,128,1,0,1
5,182,129,1,0,1
6,182,130,1,0,1
6,182,131,1,0,1
7,182,132,1,1,1
23,182,162,1,0,1
21,182,160,1,0,1
22,182,161,1,0,1
20,182,158,1,0,1
7,182,133,1,1,1
8,182,134,1,1,1
8,182,135,1,1,1
9,182,136,1,1,1
19,182,156,1,1,1
9,182,137,1,1,1
18,182,155,1,1,1
10,182,138,1,0,1
18,182,154,1,1,1
17,182,153,1,1,1
17,182,152,1,1,1
10,182,139,1,0,1
11,182,140,1,0,1
16,182,151,1,0,1
16,182,150,1,0,1
14,182,146,1,0,1
14,182,147,1,0,1
15,182,148,1,0,1
15,182,149,1,0,1
13,182,145,1,0,1
13,182,144,1,0,1
11,182,141,1,0,1
12,182,142,1,0,1
12,182,143,1,0,1
0,182,70,1,0,1
6,182,36,1,0,1
6,182,37,1,0,1
7,182,38,1,1,1
23,182,69,1,0,1
21,182,67,1,0,1
22,182,68,1,0,1
20,182,66,1,0,1
7,182,39,1,1,1
11,182,47,1,0,1
8,182,40,1,1,1
20,182,65,1,0,1
8,182,41,1,1,1
8,182,42,1,1,1
9,182,43,1,1,1
19,182,64,1,1,1
9,182,44,1,1,1
10,182,45,1,0,1
19,182,63,1,1,1
18,182,62,1,1,1
10,182,46,1,0,1
18,182,61,1,1,1
17,182,60,1,1,1
16,182,57,1,0,1
16,182,58,1,0,1
17,182,59,1,1,1
14,182,54,1,0,1
15,182,55,1,0,1
15,182,56,1,0,1
14,182,53,1,0,1
13,182,52,1,0,1
11,182,48,1,0,1
12,182,49,1,0,1
12,182,50,1,0,1
13,182,51,1,0,1
0,182,182,1,0,1
21,182,179,1,0,1
5,182,164,1,0,1
6,182,165,1,0,1
23,182,181,1,0,1
22,182,180,1,0,1
19,182,178,1,1,1
7,182,166,1,1,1
8,182,167,1,1,1
18,182,177,1,1,1
9,182,168,1,1,1
17,182,176,1,1,1
14,182,173,1,0,1
15,182,174,1,0,1
16,182,175,1,0,1
13,182,172,1,0,1
10,182,169,1,0,1
12,182,171,1,0,1
11,182,170,1,0,1
0,182,89,1,0,1
23,182,88,1,0,1
22,182,87,1,0,1
6,182,71,1,0,1
7,182,72,1,1,1
8,182,73,1,1,1
9,182,74,1,1,1
21,182,86,1,0,1
20,182,85,1,0,1
10,182,75,1,0,1
11,182,76,1,0,1
19,182,84,1,1,1
12,182,77,1,0,1
18,182,83,1,1,1
15,182,80,1,0,1
16,182,81,1,0,1
17,182,82,1,1,1
13,182,78,1,0,1
14,182,79,1,0,1
0,182,127,0,0,1
21,182,124,0,0,1
20,182,122,0,0,1
19,182,120,0,1,1
10,182,102,0,0,1
23,182,126,0,0,1
5,182,90,0,0,1
5,182,91,0,0,1
22,182,125,0,0,1
20,182,123,0,0,1
19,182,121,0,1,1
6,182,92,0,0,1
6,182,93,0,0,1
7,182,94,0,1,1
18,182,119,0,1,1
10,182,101,0,0,1
11,182,103,0,0,1
11,182,104,0,0,1
12,182,105,0,0,1
12,182,106,0,0,1
13,182,107,0,0,1
13,182,108,0,0,1
9,182,99,0,1,1
9,182,100,0,1,1
7,182,95,0,1,1
8,182,98,0,1,1
8,182,97,0,1,1
7,182,96,0,1,1
13,182,109,0,0,1
14,182,110,0,0,1
14,182,111,0,0,1
18,182,118,0,1,1
17,182,117,0,1,1
15,182,112,0,0,1
15,182,113,0,0,1
16,182,114,0,0,1
16,182,115,0,0,1
17,182,116,0,1,1
0,182,35,0,0,1
23,182,34,0,0,1
22,182,33,0,0,1
6,182,1,0,0,1
6,182,2,0,0,1
21,182,32,0,0,1
20,182,31,0,0,1
20,182,30,0,0,1
7,182,3,0,1,1
7,182,4,0,1,1
19,182,29,0,1,1
19,182,28,0,1,1
9,182,8,0,1,1
9,182,9,0,1,1
10,182,10,0,0,1
10,182,11,0,0,1
11,182,12,0,0,1
11,182,13,0,0,1
12,182,14,0,0,1
12,182,15,0,0,1
13,182,16,0,0,1
13,182,17,0,0,1
14,182,18,0,0,1
14,182,19,0,0,1
8,182,7,0,1,1
8,182,6,0,1,1
7,182,5,0,1,1
15,182,20,0,0,1
18,182,27,0,1,1
18,182,26,0,1,1
15,182,21,0,0,1
17,182,25,0,1,1
16,182,22,0,0,1
16,182,23,0,0,1
17,182,24,0,1,1
5,407,276,1,0,3
5,407,276,1,0,3
5,407,277,1,0,3
5,407,277,1,0,3
5,407,278,1,0,3
5,407,278,1,0,3
6,407,279,1,0,3
6,407,279,1,0,3
6,407,280,1,0,3
6,407,280,1,0,3
23,407,339,1,0,3
23,407,339,1,0,3
23,407,340,1,0,3
23,407,340,1,0,3
23,407,341,1,0,3
23,407,341,1,0,3
0,407,342,1,0,3
0,407,342,1,0,3
0,407,343,1,0,3
0,407,343,1,0,3
22,407,336,1,0,3
22,407,336,1,0,3
22,407,337,1,0,3
22,407,337,1,0,3
22,407,338,1,0,3
22,407,338,1,0,3
6,407,281,1,0,3
6,407,281,1,0,3
21,407,333,1,0,3
21,407,333,1,0,3
21,407,334,1,0,3
21,407,334,1,0,3
21,407,335,1,0,3
21,407,335,1,0,3
7,407,282,1,1,0
7,407,282,1,1,0
7,407,283,1,1,0
7,407,283,1,1,0
7,407,284,1,1,0
7,407,284,1,1,0
7,407,285,1,1,0
7,407,285,1,1,0
8,407,286,1,1,0
8,407,286,1,1,0
8,407,287,1,1,0
8,407,287,1,1,0
20,407,332,1,0,3
20,407,332,1,0,3
20,407,330,1,0,3
20,407,330,1,0,3
20,407,331,1,0,3
20,407,331,1,0,3
19,407,328,1,1,0
19,407,328,1,1,0
19,407,329,1,1,0
19,407,329,1,1,0
19,407,327,1,1,0
19,407,327,1,1,0
8,407,288,1,1,0
8,407,288,1,1,0
9,407,289,1,1,0
9,407,289,1,1,0
9,407,290,1,1,0
9,407,290,1,1,0
9,407,291,1,1,0
9,407,291,1,1,0
9,407,292,1,1,0
9,407,292,1,1,0
18,407,325,1,1,0
18,407,325,1,1,0
18,407,326,1,1,0
18,407,326,1,1,0
18,407,324,1,1,0
18,407,324,1,1,0
18,407,323,1,1,0
18,407,323,1,1,0
10,407,293,1,0,3
10,407,293,1,0,3
10,407,294,1,0,3
10,407,294,1,0,3
10,407,295,1,0,3
10,407,295,1,0,3
10,407,296,1,0,3
10,407,296,1,0,3
17,407,322,1,1,0
17,407,322,1,1,0
17,407,321,1,1,0
17,407,321,1,1,0
17,407,320,1,1,0
17,407,320,1,1,0
17,407,319,1,1,0
17,407,319,1,1,0
16,407,316,1,0,3
16,407,316,1,0,3
16,407,317,1,0,3
16,407,317,1,0,3
16,407,318,1,0,3
16,407,318,1,0,3
11,407,297,1,0,3
11,407,297,1,0,3
11,407,298,1,0,3
11,407,298,1,0,3
11,407,299,1,0,3
11,407,299,1,0,3
11,407,300,1,0,3
11,407,300,1,0,3
15,407,314,1,0,3
15,407,314,1,0,3
15,407,315,1,0,3
15,407,315,1,0,3
15,407,313,1,0,3
15,407,313,1,0,3
14,407,311,1,0,3
14,407,311,1,0,3
15,407,312,1,0,3
15,407,312,1,0,3
14,407,309,1,0,3
14,407,309,1,0,3
14,407,310,1,0,3
14,407,310,1,0,3
13,407,307,1,0,3
13,407,307,1,0,3
14,407,308,1,0,3
14,407,308,1,0,3
12,407,301,1,0,3
12,407,301,1,0,3
12,407,302,1,0,3
12,407,302,1,0,3
12,407,303,1,0,3
12,407,303,1,0,3
13,407,304,1,0,3
13,407,304,1,0,3
13,407,305,1,0,3
13,407,305,1,0,3
13,407,306,1,0,3
13,407,306,1,0,3
5,407,71,1,0,3
5,407,71,1,0,3
6,407,72,1,0,3
6,407,72,1,0,3
6,407,73,1,0,3
6,407,73,1,0,3
6,407,74,1,0,3
6,407,74,1,0,3
22,407,132,1,0,3
22,407,132,1,0,3
23,407,133,1,0,3
23,407,133,1,0,3
23,407,134,1,0,3
23,407,134,1,0,3
23,407,135,1,0,3
23,407,135,1,0,3
0,407,136,1,0,3
0,407,136,1,0,3
0,407,137,1,0,3
0,407,137,1,0,3
0,407,138,1,0,3
0,407,138,1,0,3
1,407,139,1,0,3
1,407,139,1,0,3
21,407,129,1,0,3
21,407,129,1,0,3
22,407,130,1,0,3
22,407,130,1,0,3
22,407,131,1,0,3
22,407,131,1,0,3
21,407,128,1,0,3
21,407,128,1,0,3
20,407,126,1,0,3
20,407,126,1,0,3
21,407,127,1,0,3
21,407,127,1,0,3
20,407,125,1,0,3
20,407,125,1,0,3
20,407,124,1,0,3
20,407,124,1,0,3
7,407,75,1,1,0
7,407,75,1,1,0
7,407,76,1,1,0
7,407,76,1,1,0
7,407,77,1,1,0
7,407,77,1,1,0
7,407,78,1,1,0
7,407,78,1,1,0
8,407,79,1,1,0
8,407,79,1,1,0
8,407,80,1,1,0
8,407,80,1,1,0
8,407,81,1,1,0
8,407,81,1,1,0
8,407,82,1,1,0
8,407,82,1,1,0
19,407,122,1,1,0
19,407,122,1,1,0
19,407,123,1,1,0
19,407,123,1,1,0
18,407,120,1,1,0
18,407,120,1,1,0
19,407,121,1,1,0
19,407,121,1,1,0
9,407,83,1,1,0
9,407,83,1,1,0
9,407,84,1,1,0
9,407,84,1,1,0
9,407,85,1,1,0
9,407,85,1,1,0
9,407,86,1,1,0
9,407,86,1,1,0
10,407,87,1,0,3
10,407,87,1,0,3
10,407,88,1,0,3
10,407,88,1,0,3
10,407,89,1,0,3
10,407,89,1,0,3
18,407,119,1,1,0
18,407,119,1,1,0
18,407,118,1,1,0
18,407,118,1,1,0
17,407,116,1,1,0
17,407,116,1,1,0
18,407,117,1,1,0
18,407,117,1,1,0
17,407,115,1,1,0
17,407,115,1,1,0
17,407,114,1,1,0
17,407,114,1,1,0
17,407,113,1,1,0
17,407,113,1,1,0
10,407,90,1,0,3
10,407,90,1,0,3
11,407,91,1,0,3
11,407,91,1,0,3
11,407,92,1,0,3
11,407,92,1,0,3
16,407,111,1,0,3
16,407,111,1,0,3
16,407,112,1,0,3
16,407,112,1,0,3
14,407,102,1,0,3
14,407,102,1,0,3
16,407,110,1,0,3
16,407,110,1,0,3
13,407,98,1,0,3
13,407,98,1,0,3
13,407,99,1,0,3
13,407,99,1,0,3
13,407,100,1,0,3
13,407,100,1,0,3
13,407,101,1,0,3
13,407,101,1,0,3
12,407,95,1,0,3
12,407,95,1,0,3
12,407,96,1,0,3
12,407,96,1,0,3
12,407,97,1,0,3
12,407,97,1,0,3
11,407,93,1,0,3
11,407,93,1,0,3
11,407,94,1,0,3
11,407,94,1,0,3
14,407,103,1,0,3
14,407,103,1,0,3
14,407,104,1,0,3
14,407,104,1,0,3
14,407,105,1,0,3
14,407,105,1,0,3
15,407,106,1,0,3
15,407,106,1,0,3
15,407,107,1,0,3
15,407,107,1,0,3
15,407,108,1,0,3
15,407,108,1,0,3
15,407,109,1,0,3
15,407,109,1,0,3
6,407,344,1,0,3
6,407,344,1,0,3
6,407,345,1,0,3
6,407,345,1,0,3
6,407,346,1,0,3
6,407,346,1,0,3
7,407,347,1,1,0
7,407,347,1,1,0
22,407,402,1,0,3
22,407,402,1,0,3
7,407,348,1,1,0
7,407,348,1,1,0
22,407,400,1,0,3
22,407,400,1,0,3
22,407,401,1,0,3
22,407,401,1,0,3
7,407,349,1,1,0
7,407,349,1,1,0
23,407,403,1,0,3
23,407,403,1,0,3
23,407,404,1,0,3
23,407,404,1,0,3
23,407,405,1,0,3
23,407,405,1,0,3
0,407,406,1,0,3
0,407,406,1,0,3
0,407,407,1,0,3
0,407,407,1,0,3
21,407,397,1,0,3
21,407,397,1,0,3
21,407,398,1,0,3
21,407,398,1,0,3
21,407,399,1,0,3
21,407,399,1,0,3
20,407,396,1,0,3
20,407,396,1,0,3
20,407,394,1,0,3
20,407,394,1,0,3
20,407,395,1,0,3
20,407,395,1,0,3
8,407,350,1,1,0
8,407,350,1,1,0
8,407,351,1,1,0
8,407,351,1,1,0
8,407,352,1,1,0
8,407,352,1,1,0
19,407,393,1,1,0
19,407,393,1,1,0
18,407,390,1,1,0
18,407,390,1,1,0
19,407,391,1,1,0
19,407,391,1,1,0
19,407,392,1,1,0
19,407,392,1,1,0
18,407,389,1,1,0
18,407,389,1,1,0
18,407,388,1,1,0
18,407,388,1,1,0
9,407,353,1,1,0
9,407,353,1,1,0
9,407,354,1,1,0
9,407,354,1,1,0
9,407,355,1,1,0
9,407,355,1,1,0
9,407,356,1,1,0
9,407,356,1,1,0
17,407,387,1,1,0
17,407,387,1,1,0
17,407,386,1,1,0
17,407,386,1,1,0
17,407,385,1,1,0
17,407,385,1,1,0
17,407,384,1,1,0
17,407,384,1,1,0
10,407,357,1,0,3
10,407,357,1,0,3
10,407,358,1,0,3
10,407,358,1,0,3
10,407,359,1,0,3
10,407,359,1,0,3
10,407,360,1,0,3
10,407,360,1,0,3
11,407,361,1,0,3
11,407,361,1,0,3
11,407,362,1,0,3
11,407,362,1,0,3
11,407,363,1,0,3
11,407,363,1,0,3
11,407,364,1,0,3
11,407,364,1,0,3
16,407,382,1,0,3
16,407,382,1,0,3
16,407,383,1,0,3
16,407,383,1,0,3
16,407,381,1,0,3
16,407,381,1,0,3
15,407,379,1,0,3
15,407,379,1,0,3
16,407,380,1,0,3
16,407,380,1,0,3
15,407,378,1,0,3
15,407,378,1,0,3
15,407,377,1,0,3
15,407,377,1,0,3
13,407,372,1,0,3
13,407,372,1,0,3
14,407,373,1,0,3
14,407,373,1,0,3
14,407,374,1,0,3
14,407,374,1,0,3
14,407,375,1,0,3
14,407,375,1,0,3
15,407,376,1,0,3
15,407,376,1,0,3
12,407,368,1,0,3
12,407,368,1,0,3
13,407,369,1,0,3
13,407,369,1,0,3
13,407,370,1,0,3
13,407,370,1,0,3
13,407,371,1,0,3
13,407,371,1,0,3
12,407,365,1,0,3
12,407,365,1,0,3
12,407,366,1,0,3
12,407,366,1,0,3
12,407,367,1,0,3
12,407,367,1,0,3
6,407,140,1,0,3
6,407,140,1,0,3
7,407,141,1,1,0
7,407,141,1,1,0
7,407,142,1,1,0
7,407,142,1,1,0
7,407,143,1,1,0
7,407,143,1,1,0
22,407,198,1,0,3
22,407,198,1,0,3
23,407,199,1,0,3
23,407,199,1,0,3
23,407,200,1,0,3
23,407,200,1,0,3
23,407,201,1,0,3
23,407,201,1,0,3
0,407,202,1,0,3
0,407,202,1,0,3
0,407,203,1,0,3
0,407,203,1,0,3
0,407,204,1,0,3
0,407,204,1,0,3
1,407,205,1,0,3
1,407,205,1,0,3
21,407,195,1,0,3
21,407,195,1,0,3
22,407,196,1,0,3
22,407,196,1,0,3
22,407,197,1,0,3
22,407,197,1,0,3
8,407,144,1,1,0
8,407,144,1,1,0
8,407,145,1,1,0
8,407,145,1,1,0
8,407,146,1,1,0
8,407,146,1,1,0
21,407,193,1,0,3
21,407,193,1,0,3
21,407,194,1,0,3
21,407,194,1,0,3
8,407,147,1,1,0
8,407,147,1,1,0
20,407,191,1,0,3
20,407,191,1,0,3
20,407,192,1,0,3
20,407,192,1,0,3
20,407,190,1,0,3
20,407,190,1,0,3
9,407,148,1,1,0
9,407,148,1,1,0
9,407,149,1,1,0
9,407,149,1,1,0
9,407,150,1,1,0
9,407,150,1,1,0
9,407,151,1,1,0
9,407,151,1,1,0
9,407,152,1,1,0
9,407,152,1,1,0
19,407,189,1,1,0
19,407,189,1,1,0
19,407,188,1,1,0
19,407,188,1,1,0
18,407,186,1,1,0
18,407,186,1,1,0
19,407,187,1,1,0
19,407,187,1,1,0
17,407,181,1,1,0
17,407,181,1,1,0
17,407,182,1,1,0
17,407,182,1,1,0
18,407,183,1,1,0
18,407,183,1,1,0
18,407,184,1,1,0
18,407,184,1,1,0
18,407,185,1,1,0
18,407,185,1,1,0
17,407,180,1,1,0
17,407,180,1,1,0
16,407,179,1,0,3
16,407,179,1,0,3
10,407,153,1,0,3
10,407,153,1,0,3
10,407,154,1,0,3
10,407,154,1,0,3
10,407,155,1,0,3
10,407,155,1,0,3
10,407,156,1,0,3
10,407,156,1,0,3
11,407,157,1,0,3
11,407,157,1,0,3
11,407,158,1,0,3
11,407,158,1,0,3
11,407,159,1,0,3
11,407,159,1,0,3
15,407,175,1,0,3
15,407,175,1,0,3
16,407,176,1,0,3
16,407,176,1,0,3
16,407,177,1,0,3
16,407,177,1,0,3
16,407,178,1,0,3
16,407,178,1,0,3
15,407,174,1,0,3
15,407,174,1,0,3
14,407,169,1,0,3
14,407,169,1,0,3
14,407,170,1,0,3
14,407,170,1,0,3
14,407,171,1,0,3
14,407,171,1,0,3
15,407,172,1,0,3
15,407,172,1,0,3
15,407,173,1,0,3
15,407,173,1,0,3
13,407,166,1,0,3
13,407,166,1,0,3
13,407,167,1,0,3
13,407,167,1,0,3
14,407,168,1,0,3
14,407,168,1,0,3
13,407,165,1,0,3
13,407,165,1,0,3
12,407,162,1,0,3
12,407,162,1,0,3
12,407,163,1,0,3
12,407,163,1,0,3
12,407,164,1,0,3
12,407,164,1,0,3
11,407,160,1,0,3
11,407,160,1,0,3
12,407,161,1,0,3
12,407,161,1,0,3
5,407,206,0,0,2
5,407,206,0,0,2
5,407,207,0,0,2
5,407,207,0,0,2
23,407,271,0,0,2
23,407,271,0,0,2
23,407,272,0,0,2
23,407,272,0,0,2
23,407,273,0,0,2
23,407,273,0,0,2
0,407,274,0,0,2
0,407,274,0,0,2
0,407,275,0,0,2
0,407,275,0,0,2
5,407,208,0,0,2
5,407,208,0,0,2
22,407,270,0,0,2
22,407,270,0,0,2
22,407,268,0,0,2
22,407,268,0,0,2
22,407,269,0,0,2
22,407,269,0,0,2
21,407,267,0,0,2
21,407,267,0,0,2
21,407,265,0,0,2
21,407,265,0,0,2
21,407,266,0,0,2
21,407,266,0,0,2
5,407,209,0,0,2
5,407,209,0,0,2
6,407,210,0,0,2
6,407,210,0,0,2
6,407,211,0,0,2
6,407,211,0,0,2
20,407,264,0,0,2
20,407,264,0,0,2
20,407,262,0,0,2
20,407,262,0,0,2
20,407,263,0,0,2
20,407,263,0,0,2
6,407,212,0,0,2
6,407,212,0,0,2
6,407,213,0,0,2
6,407,213,0,0,2
19,407,261,0,1,0
19,407,261,0,1,0
19,407,260,0,1,0
19,407,260,0,1,0
19,407,259,0,1,0
19,407,259,0,1,0
18,407,258,0,1,0
18,407,258,0,1,0
18,407,257,0,1,0
18,407,257,0,1,0
9,407,225,0,1,0
9,407,225,0,1,0
10,407,226,0,0,2
10,407,226,0,0,2
10,407,227,0,0,2
10,407,227,0,0,2
10,407,228,0,0,2
10,407,228,0,0,2
11,407,229,0,0,2
11,407,229,0,0,2
11,407,230,0,0,2
11,407,230,0,0,2
11,407,231,0,0,2
11,407,231,0,0,2
11,407,232,0,0,2
11,407,232,0,0,2
12,407,233,0,0,2
12,407,233,0,0,2
12,407,234,0,0,2
12,407,234,0,0,2
12,407,235,0,0,2
12,407,235,0,0,2
12,407,236,0,0,2
12,407,236,0,0,2
13,407,237,0,0,2
13,407,237,0,0,2
13,407,238,0,0,2
13,407,238,0,0,2
18,407,256,0,1,0
18,407,256,0,1,0
13,407,239,0,0,2
13,407,239,0,0,2
13,407,240,0,0,2
13,407,240,0,0,2
14,407,241,0,0,2
14,407,241,0,0,2
14,407,242,0,0,2
14,407,242,0,0,2
14,407,243,0,0,2
14,407,243,0,0,2
14,407,244,0,0,2
14,407,244,0,0,2
9,407,224,0,1,0
9,407,224,0,1,0
9,407,222,0,1,0
9,407,222,0,1,0
9,407,223,0,1,0
9,407,223,0,1,0
7,407,214,0,1,0
7,407,214,0,1,0
7,407,215,0,1,0
7,407,215,0,1,0
7,407,216,0,1,0
7,407,216,0,1,0
7,407,217,0,1,0
7,407,217,0,1,0
8,407,220,0,1,0
8,407,220,0,1,0
8,407,221,0,1,0
8,407,221,0,1,0
8,407,219,0,1,0
8,407,219,0,1,0
8,407,218,0,1,0
8,407,218,0,1,0
17,407,252,0,1,0
17,407,252,0,1,0
17,407,253,0,1,0
17,407,253,0,1,0
17,407,254,0,1,0
17,407,254,0,1,0
17,407,255,0,1,0
17,407,255,0,1,0
15,407,245,0,0,2
15,407,245,0,0,2
15,407,246,0,0,2
15,407,246,0,0,2
15,407,247,0,0,2
15,407,247,0,0,2
16,407,251,0,0,2
16,407,251,0,0,2
16,407,250,0,0,2
16,407,250,0,0,2
16,407,248,0,0,2
16,407,248,0,0,2
16,407,249,0,0,2
16,407,249,0,0,2
23,407,64,0,0,2
23,407,64,0,0,2
23,407,65,0,0,2
23,407,65,0,0,2
23,407,66,0,0,2
23,407,66,0,0,2
0,407,67,0,0,2
0,407,67,0,0,2
0,407,68,0,0,2
0,407,68,0,0,2
0,407,69,0,0,2
0,407,69,0,0,2
1,407,70,0,0,2
1,407,70,0,0,2
5,407,1,0,0,2
5,407,1,0,0,2
22,407,63,0,0,2
22,407,63,0,0,2
22,407,62,0,0,2
22,407,62,0,0,2
21,407,60,0,0,2
21,407,60,0,0,2
22,407,61,0,0,2
22,407,61,0,0,2
20,407,56,0,0,2
20,407,56,0,0,2
20,407,57,0,0,2
20,407,57,0,0,2
21,407,58,0,0,2
21,407,58,0,0,2
21,407,59,0,0,2
21,407,59,0,0,2
20,407,55,0,0,2
20,407,55,0,0,2
6,407,2,0,0,2
6,407,2,0,0,2
6,407,3,0,0,2
6,407,3,0,0,2
6,407,4,0,0,2
6,407,4,0,0,2
6,407,5,0,0,2
6,407,5,0,0,2
19,407,54,0,1,0
19,407,54,0,1,0
19,407,53,0,1,0
19,407,53,0,1,0
19,407,52,0,1,0
19,407,52,0,1,0
19,407,51,0,1,0
19,407,51,0,1,0
9,407,14,0,1,0
9,407,14,0,1,0
9,407,15,0,1,0
9,407,15,0,1,0
9,407,16,0,1,0
9,407,16,0,1,0
9,407,17,0,1,0
9,407,17,0,1,0
10,407,18,0,0,2
10,407,18,0,0,2
10,407,19,0,0,2
10,407,19,0,0,2
10,407,20,0,0,2
10,407,20,0,0,2
11,407,21,0,0,2
11,407,21,0,0,2
11,407,22,0,0,2
11,407,22,0,0,2
11,407,23,0,0,2
11,407,23,0,0,2
11,407,24,0,0,2
11,407,24,0,0,2
12,407,25,0,0,2
12,407,25,0,0,2
12,407,26,0,0,2
12,407,26,0,0,2
12,407,27,0,0,2
12,407,27,0,0,2
12,407,28,0,0,2
12,407,28,0,0,2
13,407,29,0,0,2
13,407,29,0,0,2
13,407,30,0,0,2
13,407,30,0,0,2
13,407,31,0,0,2
13,407,31,0,0,2
13,407,32,0,0,2
13,407,32,0,0,2
14,407,33,0,0,2
14,407,33,0,0,2
14,407,34,0,0,2
14,407,34,0,0,2
14,407,35,0,0,2
14,407,35,0,0,2
7,407,6,0,1,0
7,407,6,0,1,0
7,407,7,0,1,0
7,407,7,0,1,0
7,407,8,0,1,0
7,407,8,0,1,0
7,407,9,0,1,0
7,407,9,0,1,0
18,407,49,0,1,0
18,407,49,0,1,0
18,407,50,0,1,0
18,407,50,0,1,0
18,407,48,0,1,0
18,407,48,0,1,0
14,407,36,0,0,2
14,407,36,0,0,2
8,407,13,0,1,0
8,407,13,0,1,0
8,407,11,0,1,0
8,407,11,0,1,0
8,407,10,0,1,0
8,407,10,0,1,0
8,407,12,0,1,0
8,407,12,0,1,0
17,407,47,0,1,0
17,407,47,0,1,0
17,407,46,0,1,0
17,407,46,0,1,0
17,407,45,0,1,0
17,407,45,0,1,0
17,407,44,0,1,0
17,407,44,0,1,0
16,407,43,0,0,2
16,407,43,0,0,2
16,407,41,0,0,2
16,407,41,0,0,2
16,407,42,0,0,2
16,407,42,0,0,2
16,407,40,0,0,2
16,407,40,0,0,2
15,407,39,0,0,2
15,407,39,0,0,2
15,407,37,0,0,2
15,407,37,0,0,2
15,407,38,0,0,2
15,407,38,0,0,2
5,381,263,1,0,3
23,381,327,1,0,3
23,381,328,1,0,3
23,381,329,1,0,3
0,381,330,1,0,3
5,381,264,1,0,3
22,381,324,1,0,3
22,381,325,1,0,3
22,381,326,1,0,3
6,381,265,1,0,3
6,381,266,1,0,3
7,381,267,1,1,0
21,381,323,1,0,3
21,381,321,1,0,3
21,381,322,1,0,3
20,381,320,1,0,3
7,381,268,1,1,0
7,381,269,1,1,0
7,381,270,1,1,0
8,381,271,1,1,0
8,381,272,1,1,0
8,381,273,1,1,0
8,381,274,1,1,0
9,381,275,1,1,0
9,381,276,1,1,0
9,381,277,1,1,0
20,381,319,1,0,3
20,381,318,1,0,3
19,381,317,1,1,0
17,381,311,1,1,0
18,381,312,1,1,0
18,381,313,1,1,0
18,381,314,1,1,0
19,381,315,1,1,0
19,381,316,1,1,0
17,381,310,1,1,0
9,381,278,1,1,0
9,381,279,1,1,0
10,381,280,1,0,3
10,381,281,1,0,3
10,381,282,1,0,3
10,381,283,1,0,3
17,381,309,1,1,0
11,381,284,1,0,3
11,381,285,1,0,3
11,381,286,1,0,3
11,381,287,1,0,3
12,381,288,1,0,3
12,381,289,1,0,3
12,381,290,1,0,3
12,381,291,1,0,3
13,381,292,1,0,3
13,381,293,1,0,3
13,381,294,1,0,3
13,381,295,1,0,3
14,381,296,1,0,3
14,381,297,1,0,3
14,381,298,1,0,3
14,381,299,1,0,3
15,381,300,1,0,3
15,381,301,1,0,3
15,381,302,1,0,3
15,381,303,1,0,3
16,381,304,1,0,3
16,381,305,1,0,3
16,381,306,1,0,3
16,381,307,1,0,3
17,381,308,1,1,0
23,381,138,1,0,3
23,381,139,1,0,3
0,381,140,1,0,3
23,381,137,1,0,3
22,381,136,1,0,3
5,381,73,1,0,3
5,381,74,1,0,3
6,381,75,1,0,3
22,381,135,1,0,3
21,381,132,1,0,3
21,381,133,1,0,3
22,381,134,1,0,3
21,381,131,1,0,3
20,381,130,1,0,3
20,381,129,1,0,3
6,381,76,1,0,3
7,381,77,1,1,0
7,381,78,1,1,0
7,381,79,1,1,0
8,381,80,1,1,0
20,381,128,1,0,3
19,381,127,1,1,0
8,381,81,1,1,0
8,381,82,1,1,0
8,381,83,1,1,0
19,381,125,1,1,0
19,381,126,1,1,0
18,381,124,1,1,0
18,381,122,1,1,0
18,381,123,1,1,0
18,381,121,1,1,0
8,381,84,1,1,0
9,381,85,1,1,0
17,381,120,1,1,0
9,381,86,1,1,0
9,381,87,1,1,0
9,381,88,1,1,0
17,381,119,1,1,0
14,381,108,1,0,3
15,381,109,1,0,3
15,381,110,1,0,3
15,381,111,1,0,3
15,381,112,1,0,3
16,381,113,1,0,3
16,381,114,1,0,3
16,381,115,1,0,3
16,381,116,1,0,3
17,381,117,1,1,0
17,381,118,1,1,0
10,381,89,1,0,3
10,381,90,1,0,3
10,381,91,1,0,3
14,381,107,1,0,3
10,381,92,1,0,3
11,381,93,1,0,3
14,381,105,1,0,3
14,381,106,1,0,3
13,381,104,1,0,3
13,381,103,1,0,3
11,381,94,1,0,3
11,381,95,1,0,3
11,381,96,1,0,3
12,381,97,1,0,3
12,381,98,1,0,3
12,381,99,1,0,3
12,381,100,1,0,3
13,381,101,1,0,3
13,381,102,1,0,3
22,381,375,1,0,3
22,381,376,1,0,3
22,381,377,1,0,3
23,381,378,1,0,3
23,381,379,1,0,3
23,381,380,1,0,3
0,381,381,1,0,3
20,381,371,1,0,3
21,381,372,1,0,3
21,381,373,1,0,3
21,381,374,1,0,3
20,381,370,1,0,3
6,381,331,1,0,3
7,381,332,1,1,0
7,381,333,1,1,0
8,381,334,1,1,0
8,381,335,1,1,0
9,381,336,1,1,0
20,381,369,1,0,3
19,381,368,1,1,0
19,381,366,1,1,0
19,381,367,1,1,0
9,381,337,1,1,0
18,381,365,1,1,0
18,381,364,1,1,0
15,381,356,1,0,3
16,381,357,1,0,3
16,381,358,1,0,3
16,381,359,1,0,3
17,381,360,1,1,0
17,381,361,1,1,0
17,381,362,1,1,0
18,381,363,1,1,0
9,381,338,1,1,0
10,381,339,1,0,3
10,381,340,1,0,3
10,381,341,1,0,3
11,381,342,1,0,3
11,381,343,1,0,3
11,381,344,1,0,3
14,381,351,1,0,3
14,381,352,1,0,3
14,381,353,1,0,3
15,381,354,1,0,3
15,381,355,1,0,3
13,381,350,1,0,3
12,381,345,1,0,3
12,381,346,1,0,3
12,381,347,1,0,3
13,381,348,1,0,3
13,381,349,1,0,3
22,381,187,1,0,3
23,381,188,1,0,3
23,381,189,1,0,3
23,381,190,1,0,3
0,381,191,1,0,3
22,381,186,1,0,3
21,381,183,1,0,3
21,381,184,1,0,3
22,381,185,1,0,3
21,381,182,1,0,3
20,381,181,1,0,3
6,381,141,1,0,3
7,381,142,1,1,0
7,381,143,1,1,0
8,381,144,1,1,0
8,381,145,1,1,0
9,381,146,1,1,0
20,381,179,1,0,3
20,381,180,1,0,3
19,381,178,1,1,0
18,381,175,1,1,0
19,381,176,1,1,0
19,381,177,1,1,0
18,381,174,1,1,0
17,381,171,1,1,0
17,381,172,1,1,0
18,381,173,1,1,0
9,381,147,1,1,0
9,381,148,1,1,0
10,381,149,1,0,3
10,381,150,1,0,3
10,381,151,1,0,3
17,381,170,1,1,0
16,381,167,1,0,3
16,381,168,1,0,3
16,381,169,1,0,3
15,381,164,1,0,3
15,381,165,1,0,3
15,381,166,1,0,3
11,381,152,1,0,3
14,381,163,1,0,3
11,381,153,1,0,3
14,381,162,1,0,3
11,381,154,1,0,3
14,381,161,1,0,3
12,381,155,1,0,3
12,381,156,1,0,3
12,381,157,1,0,3
13,381,158,1,0,3
13,381,159,1,0,3
13,381,160,1,0,3
23,381,259,0,0,2
23,381,260,0,0,2
23,381,261,0,0,2
0,381,262,0,0,2
22,381,256,0,0,2
22,381,257,0,0,2
22,381,258,0,0,2
5,381,192,0,0,2
6,381,194,0,0,2
5,381,193,0,0,2
21,381,255,0,0,2
21,381,254,0,0,2
21,381,253,0,0,2
6,381,195,0,0,2
20,381,252,0,0,2
9,381,208,0,1,0
9,381,209,0,1,0
10,381,210,0,0,2
10,381,211,0,0,2
10,381,212,0,0,2
9,381,207,0,1,0
9,381,206,0,1,0
6,381,196,0,0,2
6,381,197,0,0,2
7,381,198,0,1,0
7,381,199,0,1,0
20,381,251,0,0,2
19,381,249,0,1,0
20,381,250,0,0,2
19,381,248,0,1,0
10,381,213,0,0,2
11,381,214,0,0,2
11,381,215,0,0,2
11,381,216,0,0,2
11,381,217,0,0,2
12,381,218,0,0,2
12,381,219,0,0,2
12,381,220,0,0,2
12,381,221,0,0,2
13,381,222,0,0,2
13,381,223,0,0,2
13,381,224,0,0,2
13,381,225,0,0,2
14,381,226,0,0,2
14,381,227,0,0,2
18,381,244,0,1,0
18,381,245,0,1,0
19,381,246,0,1,0
19,381,247,0,1,0
18,381,242,0,1,0
18,381,243,0,1,0
17,381,241,0,1,0
8,381,204,0,1,0
8,381,205,0,1,0
8,381,203,0,1,0
8,381,202,0,1,0
7,381,200,0,1,0
7,381,201,0,1,0
14,381,228,0,0,2
14,381,229,0,0,2
15,381,230,0,0,2
17,381,240,0,1,0
15,381,231,0,0,2
15,381,232,0,0,2
15,381,233,0,0,2
16,381,234,0,0,2
16,381,235,0,0,2
16,381,236,0,0,2
16,381,237,0,0,2
17,381,238,0,1,0
17,381,239,0,1,0
23,381,69,0,0,2
23,381,70,0,0,2
23,381,71,0,0,2
0,381,72,0,0,2
22,381,68,0,0,2
22,381,67,0,0,2
22,381,66,0,0,2
21,381,65,0,0,2
21,381,64,0,0,2
20,381,62,0,0,2
21,381,63,0,0,2
20,381,61,0,0,2
5,381,1,0,0,2
5,381,2,0,0,2
6,381,3,0,0,2
6,381,4,0,0,2
20,381,60,0,0,2
19,381,59,0,1,0
19,381,58,0,1,0
6,381,5,0,0,2
6,381,6,0,0,2
19,381,57,0,1,0
19,381,56,0,1,0
18,381,55,0,1,0
18,381,54,0,1,0
18,381,53,0,1,0
7,381,7,0,1,0
7,381,8,0,1,0
9,381,16,0,1,0
9,381,17,0,1,0
9,381,18,0,1,0
9,381,19,0,1,0
10,381,20,0,0,2
10,381,21,0,0,2
10,381,22,0,0,2
10,381,23,0,0,2
11,381,24,0,0,2
11,381,25,0,0,2
11,381,26,0,0,2
11,381,27,0,0,2
12,381,28,0,0,2
12,381,29,0,0,2
12,381,30,0,0,2
12,381,31,0,0,2
13,381,32,0,0,2
18,381,52,0,1,0
13,381,33,0,0,2
13,381,34,0,0,2
13,381,35,0,0,2
14,381,36,0,0,2
14,381,37,0,0,2
17,381,51,0,1,0
17,381,50,0,1,0
14,381,38,0,0,2
15,381,42,0,0,2
15,381,43,0,0,2
16,381,44,0,0,2
16,381,45,0,0,2
16,381,46,0,0,2
16,381,47,0,0,2
17,381,48,0,1,0
17,381,49,0,1,0
15,381,41,0,0,2
14,381,39,0,0,2
15,381,40,0,0,2
7,381,9,0,1,0
9,381,15,0,1,0
8,381,14,0,1,0
8,381,13,0,1,0
8,381,12,0,1,0
8,381,11,0,1,0
7,381,10,0,1,0
